#
# A fatal error has been detected by the Java Runtime Environment:
#
#  EXCEPTION_ACCESS_VIOLATION (0xc0000005) at pc=0x0000016542c21053, pid=13980, tid=11560
#
# JRE version: OpenJDK Runtime Environment Temurin-21.0.5+11 (21.0.5+11) (build 21.0.5+11-LTS)
# Java VM: OpenJDK 64-Bit Server VM Temurin-21.0.5+11 (21.0.5+11-LTS, mixed mode, emulated-client, sharing, tiered, compressed oops, compressed class ptrs, g1 gc, windows-amd64)
# Problematic frame:
# v  ~BufferBlob::MethodHandles adapters 0x0000016542c21053
#
# No core dump will be written. Minidumps are not enabled by default on client versions of Windows
#
# If you would like to submit a bug report, please visit:
#   https://github.com/adoptium/adoptium-support/issues
#

---------------  S U M M A R Y ------------

Command Line: -XX:+ShowCodeDetailsInExceptionMessages -agentlib:jdwp=transport=dt_socket,suspend=y,address=localhost:54014 -Dcom.sun.management.jmxremote -Dcom.sun.management.jmxremote.port=54013 -Dcom.sun.management.jmxremote.authenticate=false -Dcom.sun.management.jmxremote.ssl=false -Djava.rmi.server.hostname=localhost -Dspring.jmx.enabled=true -Dmanagement.endpoints.jmx.exposure.include=* -Dspring.application.admin.enabled=true -XX:TieredStopAtLevel=1 -Dspring.boot.project.name=ProMIS -javaagent:F:\spring-tool-suite-4-4.27.0.RELEASE-e4.34.0-win32.win32.x86_64\sts-4.27.0.RELEASE\configuration\org.eclipse.osgi\275\0\.cp\lib\javaagent-shaded.jar -Dfile.encoding=UTF-8 -Dstdout.encoding=UTF-8 -Dstderr.encoding=UTF-8 com.pams.PromisApplication --spring.output.ansi.enabled=always

Host: Intel(R) Core(TM) i7-14700, 28 cores, 31G,  Windows 11 , 64 bit Build 26100 (10.0.26100.8521)
Time: Mon Jun 22 15:27:25 2026 India Standard Time elapsed time: 14592.961870 seconds (0d 4h 3m 12s)

---------------  T H R E A D  ---------------

Current thread (0x000001659e5f87d0):  JavaThread "restartedMain"        [_thread_in_Java, id=11560, stack(0x0000004f4ce00000,0x0000004f4cf00000) (1024K)]

Stack: [0x0000004f4ce00000,0x0000004f4cf00000],  sp=0x0000004f4cefcaa8,  free space=1010k
Native frames: (J=compiled Java code, j=interpreted, Vv=VM code, C=native code)
C  0x0000016542c21053

The last pc belongs to _linkToSpecial (printed below).

siginfo: EXCEPTION_ACCESS_VIOLATION (0xc0000005), reading address 0xffffffffffffffff


Registers:
RAX=0x0000016542bf9086, RBX=0xc1dca30a00000000, RCX=0x0000004f4cefcab0, RDX=0x0000000000000002
RSP=0x0000004f4cefcaa8, RBP=0x0000004f4cefcaf8, RSI=0x000001659ab3edf8, RDI=0x00000165a432b5b0
R8 =0x0000000000000004, R9 =0x0000000000000004, R10=0x00007ffde3b0d040, R11=0x00000165550b5b20
R12=0x0000000000000000, R13=0x0000004f4cefcaa8, R14=0x0000004f4cefcb18, R15=0x000001659e5f87d0
RIP=0x0000016542c21053, EFLAGS=0x0000000000010246


Register to memory mapping:

RAX=0x0000016542bf9086 is at code_begin+3078 in an Interpreter codelet
return entry points  [0x0000016542bf8480, 0x0000016542bfa298]  7704 bytes
RBX=0xc1dca30a00000000 is an unknown value
RCX=0x0000004f4cefcab0 is pointing into the stack for thread: 0x000001659e5f87d0
RDX=0x0000000000000002 is an unknown value
RSP=0x0000004f4cefcaa8 is pointing into the stack for thread: 0x000001659e5f87d0
RBP=0x0000004f4cefcaf8 is pointing into the stack for thread: 0x000001659e5f87d0
RSI=0x000001659ab3edf8 points into unknown readable memory: 0x80000200a3e498a0 | a0 98 e4 a3 00 02 00 80
RDI=0x00000165a432b5b0 points into unknown readable memory: 0x0000001800000070 | 70 00 00 00 18 00 00 00
R8 =0x0000000000000004 is an unknown value
R9 =0x0000000000000004 is an unknown value
R10=0x00007ffde3b0d040 jvm.dll
R11={method} {0x00000165550b5b28} 'newInvokeSpecial' '(Ljava/lang/Object;)Ljava/lang/Object;' in 'java/lang/invoke/DirectMethodHandle$Holder'
R12=0x0 is null
R13=0x0000004f4cefcaa8 is pointing into the stack for thread: 0x000001659e5f87d0
R14=0x0000004f4cefcb18 is pointing into the stack for thread: 0x000001659e5f87d0
R15=0x000001659e5f87d0 is a thread

Top of Stack: (sp=0x0000004f4cefcaa8)
0x0000004f4cefcaa8:   0000016542bf9086 0000004f4cefcab0
0x0000004f4cefcab8:   000001655572be1f 0000000000000004
0x0000004f4cefcac8:   00000165550b0fd8 0000000613b64e60
0x0000004f4cefcad8:   00000006053294a8 00000165550b5b20
0x0000004f4cefcae8:   0000004f4cefcaa8 0000004f4cefcb20
0x0000004f4cefcaf8:   0000004f4cefddf0 000001654304c44b
0x0000004f4cefcb08:   000000060ee51758 000000060ee51800
0x0000004f4cefcb18:   000000060ee517b8 000000060ee51518
0x0000004f4cefcb28:   0000000000000000 0000004f4cefddf0
0x0000004f4cefcb38:   000001654390440c 0000004f4cefa250
0x0000004f4cefcb48:   0000004f4cefa250 0000004f4cefa2c0
0x0000004f4cefcb58:   0000004f4cefa288 0000016500000000
0x0000004f4cefcb68:   0000000000000000 0000000000000048
0x0000004f4cefcb78:   0000000000000001 0000000000000000
0x0000004f4cefcb88:   0000000000000000 0000000000000000
0x0000004f4cefcb98:   000000060531bf80 0000000613b64e60
0x0000004f4cefcba8:   000000060ee513e0 000000060ee513e0
0x0000004f4cefcbb8:   000000060ee51518 000000060ee517e8
0x0000004f4cefcbc8:   000000060ee51570 0000000613b64e60
0x0000004f4cefcbd8:   0000000000000001 0000004f4cefddf0
0x0000004f4cefcbe8:   0000016500000000 0000000000000000
0x0000004f4cefcbf8:   0000000000000000 000000060ee517b8
0x0000004f4cefcc08:   000001654304895c 0000000000000000
0x0000004f4cefcc18:   0000000000000000 0000000000000000
0x0000004f4cefcc28:   0000000000008000 000001659e5f87d0
0x0000004f4cefcc38:   0000000000000000 000000060ee51518
0x0000004f4cefcc48:   0000000000000000 000000060ee513e0
0x0000004f4cefcc58:   000000060ee517e8 000000060ee51518
0x0000004f4cefcc68:   0000000000000000 0000000000000000
0x0000004f4cefcc78:   000001654304b96c 0000004f4cefddf0
0x0000004f4cefcc88:   00000165430455ea 0000000000000000
0x0000004f4cefcc98:   0000016542ea56a9 0000000000000000 

Instructions: (pc=0x0000016542c21053)
0x0000016542c20f53:   00 00 00 74 03 ff 63 38 ff 63 50 e9 9d 16 00 00
0x0000016542c20f63:   66 66 66 0f 1f 84 00 00 00 00 00 66 66 66 90 66
0x0000016542c20f73:   66 0f 1f 84 00 00 00 00 00 66 66 66 90 48 8b 53
0x0000016542c20f83:   08 0f b7 52 2e 48 8b 0c d4 58 5b 50 44 8b 51 08
0x0000016542c20f93:   49 bb 00 00 00 55 65 01 00 00 4d 03 d3 4c 8b 5b
0x0000016542c20fa3:   10 4b 8b 9c da c0 01 00 00 48 85 db 0f 84 10 00
0x0000016542c20fb3:   00 00 41 80 bf d8 05 00 00 00 74 03 ff 63 38 ff
0x0000016542c20fc3:   63 50 e9 36 16 00 00 66 66 66 0f 1f 84 00 00 00
0x0000016542c20fd3:   00 00 66 66 66 90 0f 1f 80 00 00 00 00 58 5b 50
0x0000016542c20fe3:   8b 5b 24 48 c1 e3 03 48 8b 5b 10 48 85 db 0f 84
0x0000016542c20ff3:   10 00 00 00 41 80 bf d8 05 00 00 00 74 03 ff 63
0x0000016542c21003:   38 ff 63 50 e9 f4 15 00 00 66 66 66 0f 1f 84 00
0x0000016542c21013:   00 00 00 00 66 66 66 90 0f 1f 44 00 00 48 8b 53
0x0000016542c21023:   08 0f b7 52 2e 48 8b 0c d4 58 5b 50 48 3b 01 8b
0x0000016542c21033:   5b 24 48 c1 e3 03 48 8b 5b 10 48 85 db 0f 84 10
0x0000016542c21043:   00 00 00 41 80 bf d8 05 00 00 00 74 03 ff 63 38
0x0000016542c21053:   ff 63 50 e9 a5 15 00 00 0f 1f 44 00 00 48 8b 53
0x0000016542c21063:   08 0f b7 52 2e 48 8b 0c d4 58 5b 50 44 8b 51 08
0x0000016542c21073:   49 bb 00 00 00 55 65 01 00 00 4d 03 d3 8b 43 18
0x0000016542c21083:   48 c1 e0 03 48 8b 40 10 48 8b 5b 10 45 8b 9a a0
0x0000016542c21093:   00 00 00 4f 8d 9c da c0 01 00 00 4d 8d 14 da 49
0x0000016542c210a3:   8b 1b 48 3b c3 74 15 48 85 db 0f 84 32 00 00 00
0x0000016542c210b3:   49 83 c3 10 49 8b 1b 48 3b c3 75 eb 45 8b 5b 08
0x0000016542c210c3:   4b 8b 1c 1a 48 85 db 0f 84 10 00 00 00 41 80 bf
0x0000016542c210d3:   d8 05 00 00 00 74 03 ff 63 38 ff 63 50 e9 1b 15
0x0000016542c210e3:   00 00 e9 16 12 00 00 f4 00 00 00 00 00 00 00 00
0x0000016542c210f3:   00 00 00 00 00 00 00 00 00 00 00 00 00 00 00 00
0x0000016542c21103:   00 00 00 00 00 00 00 00 00 00 00 00 00 00 00 00
0x0000016542c21113:   00 00 00 00 00 00 00 00 00 00 00 00 00 00 00 00
0x0000016542c21123:   00 00 00 00 00 00 00 00 00 00 00 00 00 00 00 00
0x0000016542c21133:   00 00 00 00 00 00 00 00 00 00 00 00 00 00 00 00
0x0000016542c21143:   00 00 00 00 00 00 00 00 00 00 00 00 00 00 00 00 


Stack slot to memory mapping:

stack at sp + 0 slots: 0x0000016542bf9086 is at code_begin+3078 in an Interpreter codelet
return entry points  [0x0000016542bf8480, 0x0000016542bfa298]  7704 bytes
stack at sp + 1 slots: 0x0000004f4cefcab0 is pointing into the stack for thread: 0x000001659e5f87d0
stack at sp + 2 slots: 0x000001655572be1f is pointing into metadata
stack at sp + 3 slots: 0x0000000000000004 is an unknown value
stack at sp + 4 slots: 0x00000165550b0fd8 is pointing into metadata
stack at sp + 5 slots: 0x0000000613b64e60 is an oop: java.lang.Class 
{0x0000000613b64e60} - klass: 'java/lang/Class'
 - ---- fields (total size 15 words):
 - private volatile transient 'classRedefinedCount' 'I' @12  0 (0x00000000)
 - injected 'klass' 'J' @16  1534760587264 (0x0000016556dc1000)
 - injected 'array_klass' 'J' @24  0 (0x0000000000000000)
 - injected 'oop_size' 'I' @32  15 (0x0000000f)
 - injected 'static_oop_field_count' 'I' @36  1 (0x00000001)
 - private volatile transient 'cachedConstructor' 'Ljava/lang/reflect/Constructor;' @40  null (0x00000000)
 - private transient 'name' 'Ljava/lang/String;' @44  "com.pams.utils.PathTraversalFilter"{0x0000000613b64ee8} (0xc276c9dd)
 - private transient 'module' 'Ljava/lang/Module;' @48  a 'java/lang/Module'{0x0000000616000300} (0xc2c00060)
 - private final 'classLoader' 'Ljava/lang/ClassLoader;' @52  a 'org/springframework/boot/devtools/restart/classloader/RestartClassLoader'{0x0000000616000170} (0xc2c0002e)
 - private transient 'classData' 'Ljava/lang/Object;' @56  null (0x00000000)
 - private transient 'packageName' 'Ljava/lang/String;' @60  "com.pams.utils"{0x0000000605851dc0} (0xc0b0a3b8)
 - private final 'componentType' 'Ljava/lang/Class;' @64  null (0x00000000)
 - private volatile transient 'reflectionData' 'Ljava/lang/ref/SoftReference;' @68  a 'java/lang/ref/SoftReference'{0x000000060fc83970} (0xc1f9072e)
 - private volatile transient 'genericInfo' 'Lsun/reflect/generics/repository/ClassRepository;' @72  null (0x00000000)
 - private volatile transient 'enumConstants' '[Ljava/lang/Object;' @76  null (0x00000000)
 - private volatile transient 'enumConstantDirectory' 'Ljava/util/Map;' @80  null (0x00000000)
 - private volatile transient 'annotationData' 'Ljava/lang/Class$AnnotationData;' @84  a 'java/lang/Class$AnnotationData'{0x000000060fc84388} (0xc1f90871)
 - private volatile transient 'annotationType' 'Lsun/reflect/annotation/AnnotationType;' @88  null (0x00000000)
 - transient 'classValueMap' 'Ljava/lang/ClassValue$ClassValueMap;' @92  null (0x00000000)
 - injected 'protection_domain' 'Ljava/lang/Object;' @96  a 'java/security/ProtectionDomain'{0x000000061602fab0} (0xc2c05f56)
 - injected 'signers_name' 'Ljava/lang/Object;' @100  null (0x00000000)
 - injected 'source_file' 'Ljava/lang/Object;' @104  null (0x00000000)
 - injected '<init_lock>' 'Ljava/lang/Object;' @108  null (0x00000000)
 - signature: Lcom/pams/utils/PathTraversalFilter;
 - ---- static fields (1):
 - private static final 'logger' 'Lorg/slf4j/Logger;' @112  null (0x00000000)
stack at sp + 6 slots: 0x00000006053294a8 is an oop: java.lang.Class 
{0x00000006053294a8} - klass: 'java/lang/Class'
 - ---- fields (total size 14 words):
 - private volatile transient 'classRedefinedCount' 'I' @12  0 (0x00000000)
 - injected 'klass' 'J' @16  1534730111920 (0x00000165550b0bb0)
 - injected 'array_klass' 'J' @24  0 (0x0000000000000000)
 - injected 'oop_size' 'I' @32  14 (0x0000000e)
 - injected 'static_oop_field_count' 'I' @36  0 (0x00000000)
 - private volatile transient 'cachedConstructor' 'Ljava/lang/reflect/Constructor;' @40  null (0x00000000)
 - private transient 'name' 'Ljava/lang/String;' @44  null (0x00000000)
 - private transient 'module' 'Ljava/lang/Module;' @48  a 'java/lang/Module'{0x0000000605315808} (0xc0a62b01)
 - private final 'classLoader' 'Ljava/lang/ClassLoader;' @52  null (0x00000000)
 - private transient 'classData' 'Ljava/lang/Object;' @56  null (0x00000000)
 - private transient 'packageName' 'Ljava/lang/String;' @60  null (0x00000000)
 - private final 'componentType' 'Ljava/lang/Class;' @64  null (0x00000000)
 - private volatile transient 'reflectionData' 'Ljava/lang/ref/SoftReference;' @68  null (0x00000000)
 - private volatile transient 'genericInfo' 'Lsun/reflect/generics/repository/ClassRepository;' @72  null (0x00000000)
 - private volatile transient 'enumConstants' '[Ljava/lang/Object;' @76  null (0x00000000)
 - private volatile transient 'enumConstantDirectory' 'Ljava/util/Map;' @80  null (0x00000000)
 - private volatile transient 'annotationData' 'Ljava/lang/Class$AnnotationData;' @84  null (0x00000000)
 - private volatile transient 'annotationType' 'Lsun/reflect/annotation/AnnotationType;' @88  null (0x00000000)
 - transient 'classValueMap' 'Ljava/lang/ClassValue$ClassValueMap;' @92  null (0x00000000)
 - injected 'protection_domain' 'Ljava/lang/Object;' @96  null (0x00000000)
 - injected 'signers_name' 'Ljava/lang/Object;' @100  null (0x00000000)
 - injected 'source_file' 'Ljava/lang/Object;' @104  null (0x00000000)
 - injected '<init_lock>' 'Ljava/lang/Object;' @108  null (0x00000000)
 - signature: Ljava/lang/invoke/DirectMethodHandle$Holder;
 - ---- static fields (0):
stack at sp + 7 slots: {method} {0x00000165550b5b28} 'newInvokeSpecial' '(Ljava/lang/Object;)Ljava/lang/Object;' in 'java/lang/invoke/DirectMethodHandle$Holder'

MethodHandle::interpreter_entry::_linkToSpecial [0x0000016542c2100c, 0x0000016542c2105b] (79 bytes)
[MachCode]
  0x0000016542c2100c: 6666 660f | 1f84 0000 | 0000 0066 | 6666 900f | 1f44 0000 | 488b 5308 | 0fb7 522e | 488b 0cd4 
  0x0000016542c2102c: 585b 5048 | 3b01 8b5b | 2448 c1e3 | 0348 8b5b | 1048 85db | 0f84 1000 | 0000 4180 | bfd8 0500 
  0x0000016542c2104c: 0000 7403 | ff63 38ff | 6350 e9a5 | 
[/MachCode]

---------------  P R O C E S S  ---------------

Threads class SMR info:
_java_thread_list=0x00000165a436dbb0, length=35, elements={
0x0000016554966880, 0x0000016554966fe0, 0x000001655496f280, 0x000001655496f8e0,
0x0000016554976090, 0x0000016554978d10, 0x0000016554986dd0, 0x0000016554af7f10,
0x0000016554b75230, 0x0000016554b7a770, 0x0000016554b7b200, 0x000001659a91fde0,
0x000001659aaaa1e0, 0x000001659ab04ac0, 0x000001659ab4b8b0, 0x000001659b1b4e10,
0x000001659b1c9280, 0x000001659b1c5e00, 0x000001659b1c6490, 0x000001659e67ffb0,
0x000001659e6847e0, 0x000001659d53cf20, 0x000001659d5410c0, 0x000001659e682710,
0x00000165a3f239e0, 0x000001659e5f8140, 0x000001659e680cd0, 0x000001659d53dc40,
0x000001659e67f290, 0x000001659b1c8bf0, 0x000001659e684150, 0x000001659b1c8560,
0x000001659e680640, 0x000001659e682da0, 0x000001659e5f87d0
}

Java Threads: ( => current thread )
  0x0000016554966880 JavaThread "Reference Handler"          daemon [_thread_blocked, id=21216, stack(0x0000004f4c700000,0x0000004f4c800000) (1024K)]
  0x0000016554966fe0 JavaThread "Finalizer"                  daemon [_thread_blocked, id=15776, stack(0x0000004f4c800000,0x0000004f4c900000) (1024K)]
  0x000001655496f280 JavaThread "Signal Dispatcher"          daemon [_thread_blocked, id=21512, stack(0x0000004f4c900000,0x0000004f4ca00000) (1024K)]
  0x000001655496f8e0 JavaThread "Attach Listener"            daemon [_thread_blocked, id=4344, stack(0x0000004f4ca00000,0x0000004f4cb00000) (1024K)]
  0x0000016554976090 JavaThread "Service Thread"             daemon [_thread_blocked, id=3088, stack(0x0000004f4cb00000,0x0000004f4cc00000) (1024K)]
  0x0000016554978d10 JavaThread "Monitor Deflation Thread"   daemon [_thread_blocked, id=5952, stack(0x0000004f4cc00000,0x0000004f4cd00000) (1024K)]
  0x0000016554986dd0 JavaThread "C1 CompilerThread0"         daemon [_thread_blocked, id=5464, stack(0x0000004f4cd00000,0x0000004f4ce00000) (1024K)]
  0x0000016554af7f10 JavaThread "Common-Cleaner"             daemon [_thread_blocked, id=11324, stack(0x0000004f4cf00000,0x0000004f4d000000) (1024K)]
  0x0000016554b75230 JavaThread "JDWP Transport Listener: dt_socket" daemon [_thread_blocked, id=12740, stack(0x0000004f4d100000,0x0000004f4d200000) (1024K)]
  0x0000016554b7a770 JavaThread "JDWP Event Helper Thread"   daemon [_thread_blocked, id=18116, stack(0x0000004f4d200000,0x0000004f4d300000) (1024K)]
  0x0000016554b7b200 JavaThread "JDWP Command Reader"        daemon [_thread_blocked, id=22192, stack(0x0000004f4d300000,0x0000004f4d400000) (1024K)]
  0x000001659a91fde0 JavaThread "Notification Thread"        daemon [_thread_blocked, id=4704, stack(0x0000004f4d500000,0x0000004f4d600000) (1024K)]
  0x000001659aaaa1e0 JavaThread "RMI TCP Accept-0"           daemon [_thread_in_native, id=22856, stack(0x0000004f4e100000,0x0000004f4e200000) (1024K)]
  0x000001659ab04ac0 JavaThread "RMI TCP Accept-54013"       daemon [_thread_in_native, id=15564, stack(0x0000004f4e200000,0x0000004f4e300000) (1024K)]
  0x000001659ab4b8b0 JavaThread "RMI TCP Accept-0"           daemon [_thread_in_native, id=21508, stack(0x0000004f4e300000,0x0000004f4e400000) (1024K)]
  0x000001659b1b4e10 JavaThread "RMI Scheduler(0)"           daemon [_thread_blocked, id=6868, stack(0x0000004f4e700000,0x0000004f4e800000) (1024K)]
  0x000001659b1c9280 JavaThread "RMI TCP Connection(245)-127.0.0.1" daemon [_thread_in_native, id=13092, stack(0x0000004f4e800000,0x0000004f4e900000) (1024K)]
  0x000001659b1c5e00 JavaThread "JMX server connection timeout 53" daemon [_thread_blocked, id=13548, stack(0x0000004f4e900000,0x0000004f4ea00000) (1024K)]
  0x000001659b1c6490 JavaThread "Cleaner-0"                  daemon [_thread_blocked, id=2604, stack(0x0000004f4ff00000,0x0000004f50000000) (1024K)]
  0x000001659e67ffb0 JavaThread "Jndi-Dns-address-change-listener" daemon [_thread_in_native, id=9252, stack(0x0000004f51e00000,0x0000004f51f00000) (1024K)]
  0x000001659e6847e0 JavaThread "Live Reload Server"         daemon [_thread_in_native, id=11776, stack(0x0000004f52100000,0x0000004f52200000) (1024K)]
  0x000001659d53cf20 JavaThread "DestroyJavaVM"                     [_thread_blocked, id=12232, stack(0x0000004f4bf00000,0x0000004f4c000000) (1024K)]
  0x000001659d5410c0 JavaThread "Java2D Disposer"            daemon [_thread_blocked, id=5116, stack(0x0000004f4fa00000,0x0000004f4fb00000) (1024K)]
  0x000001659e682710 JavaThread "parallel-1"                 daemon [_thread_blocked, id=26544, stack(0x0000004f4d000000,0x0000004f4d100000) (1024K)]
  0x00000165a3f239e0 JavaThread "parallel-2"                 daemon [_thread_blocked, id=19832, stack(0x0000004f4ee00000,0x0000004f4ef00000) (1024K)]
  0x000001659e5f8140 JavaThread "parallel-3"                 daemon [_thread_blocked, id=1948, stack(0x0000004f4d400000,0x0000004f4d500000) (1024K)]
  0x000001659e680cd0 JavaThread "parallel-4"                 daemon [_thread_blocked, id=24248, stack(0x0000004f4e500000,0x0000004f4e600000) (1024K)]
  0x000001659d53dc40 JavaThread "parallel-5"                 daemon [_thread_blocked, id=17116, stack(0x0000004f4e400000,0x0000004f4e500000) (1024K)]
  0x000001659e67f290 JavaThread "parallel-6"                 daemon [_thread_blocked, id=2728, stack(0x0000004f4fd00000,0x0000004f4fe00000) (1024K)]
  0x000001659b1c8bf0 JavaThread "parallel-7"                 daemon [_thread_blocked, id=22076, stack(0x0000004f4f800000,0x0000004f4f900000) (1024K)]
  0x000001659e684150 JavaThread "parallel-8"                 daemon [_thread_blocked, id=19688, stack(0x0000004f4fe00000,0x0000004f4ff00000) (1024K)]
  0x000001659b1c8560 JavaThread "parallel-9"                 daemon [_thread_blocked, id=24464, stack(0x0000004f4f700000,0x0000004f4f800000) (1024K)]
  0x000001659e680640 JavaThread "Thread-291"                        [_thread_blocked, id=19808, stack(0x0000004f4bc00000,0x0000004f4bd00000) (1024K)]
  0x000001659e682da0 JavaThread "parallel-10"                daemon [_thread_blocked, id=23640, stack(0x0000004f50600000,0x0000004f50700000) (1024K)]
=>0x000001659e5f87d0 JavaThread "restartedMain"                     [_thread_in_Java, id=11560, stack(0x0000004f4ce00000,0x0000004f4cf00000) (1024K)]
Total: 35

Other Threads:
  0x00000165513773a0 VMThread "VM Thread"                           [id=5632, stack(0x0000004f4c600000,0x0000004f4c700000) (1024K)] _threads_hazard_ptr=0x00000165a436dbb0
  0x00000165549609d0 WatcherThread "VM Periodic Task Thread"        [id=6224, stack(0x0000004f4c500000,0x0000004f4c600000) (1024K)]
  0x00000165511d0830 WorkerThread "GC Thread#0"                     [id=9528, stack(0x0000004f4c000000,0x0000004f4c100000) (1024K)]
  0x000001659aa8fac0 WorkerThread "GC Thread#1"                     [id=8456, stack(0x0000004f4d600000,0x0000004f4d700000) (1024K)]
  0x000001659aa8fe60 WorkerThread "GC Thread#2"                     [id=1852, stack(0x0000004f4d700000,0x0000004f4d800000) (1024K)]
  0x000001659aa90610 WorkerThread "GC Thread#3"                     [id=23228, stack(0x0000004f4d800000,0x0000004f4d900000) (1024K)]
  0x000001659aa914e0 WorkerThread "GC Thread#4"                     [id=11412, stack(0x0000004f4d900000,0x0000004f4da00000) (1024K)]
  0x000001659aa92360 WorkerThread "GC Thread#5"                     [id=1984, stack(0x0000004f4da00000,0x0000004f4db00000) (1024K)]
  0x000001659aa91880 WorkerThread "GC Thread#6"                     [id=15016, stack(0x0000004f4db00000,0x0000004f4dc00000) (1024K)]
  0x000001659aa91140 WorkerThread "GC Thread#7"                     [id=22196, stack(0x0000004f4dc00000,0x0000004f4dd00000) (1024K)]
  0x000001659aa91c20 WorkerThread "GC Thread#8"                     [id=17808, stack(0x0000004f4dd00000,0x0000004f4de00000) (1024K)]
  0x000001659aa90a00 WorkerThread "GC Thread#9"                     [id=15972, stack(0x0000004f4de00000,0x0000004f4df00000) (1024K)]
  0x000001659aa90da0 WorkerThread "GC Thread#10"                    [id=19500, stack(0x0000004f4df00000,0x0000004f4e000000) (1024K)]
  0x000001659aa91fc0 WorkerThread "GC Thread#11"                    [id=6452, stack(0x0000004f4e000000,0x0000004f4e100000) (1024K)]
  0x000001659b09b8c0 WorkerThread "GC Thread#12"                    [id=7992, stack(0x0000004f4ea00000,0x0000004f4eb00000) (1024K)]
  0x000001659b09d960 WorkerThread "GC Thread#13"                    [id=12684, stack(0x0000004f4eb00000,0x0000004f4ec00000) (1024K)]
  0x000001659b09d220 WorkerThread "GC Thread#14"                    [id=14400, stack(0x0000004f4ec00000,0x0000004f4ed00000) (1024K)]
  0x000001659b09c000 WorkerThread "GC Thread#15"                    [id=14772, stack(0x0000004f4ed00000,0x0000004f4ee00000) (1024K)]
  0x000001659b09aa40 WorkerThread "GC Thread#16"                    [id=15648, stack(0x0000004f4ef00000,0x0000004f4f000000) (1024K)]
  0x000001659b09a300 WorkerThread "GC Thread#17"                    [id=18356, stack(0x0000004f4f400000,0x0000004f4f500000) (1024K)]
  0x000001659b09bc60 WorkerThread "GC Thread#18"                    [id=17664, stack(0x0000004f4f500000,0x0000004f4f600000) (1024K)]
  0x000001659b905630 WorkerThread "GC Thread#19"                    [id=19560, stack(0x0000004f4f600000,0x0000004f4f700000) (1024K)]
  0x000001653db66190 ConcurrentGCThread "G1 Main Marker"            [id=392, stack(0x0000004f4c100000,0x0000004f4c200000) (1024K)]
  0x000001653db68d60 WorkerThread "G1 Conc#0"                       [id=13944, stack(0x0000004f4c200000,0x0000004f4c300000) (1024K)]
  0x000001659b09d5c0 WorkerThread "G1 Conc#1"                       [id=19628, stack(0x0000004f4f000000,0x0000004f4f100000) (1024K)]
  0x000001659b09cae0 WorkerThread "G1 Conc#2"                       [id=17232, stack(0x0000004f4f100000,0x0000004f4f200000) (1024K)]
  0x000001659b099f60 WorkerThread "G1 Conc#3"                       [id=20372, stack(0x0000004f4f200000,0x0000004f4f300000) (1024K)]
  0x000001659b09a6a0 WorkerThread "G1 Conc#4"                       [id=11064, stack(0x0000004f4f300000,0x0000004f4f400000) (1024K)]
  0x00000165512ba4e0 ConcurrentGCThread "G1 Refine#0"               [id=6076, stack(0x0000004f4c300000,0x0000004f4c400000) (1024K)]
  0x00000165512baa10 ConcurrentGCThread "G1 Service"                [id=17944, stack(0x0000004f4c400000,0x0000004f4c500000) (1024K)]
Total: 30

Threads with active compile tasks:
Total: 0

VM state: synchronizing (normal execution)

VM Mutex/Monitor currently owned by a thread:  ([mutex/lock_event])
[0x00007ffde3afd380] Threads_lock - owner thread: 0x00000165513773a0

Heap address: 0x0000000604c00000, size: 8116 MB, Compressed Oops mode: Zero based, Oop shift amount: 3

CDS archive(s) mapped at: [0x0000016555000000-0x0000016555c80000-0x0000016555c80000), size 13107200, SharedBaseAddress: 0x0000016555000000, ArchiveRelocationMode: 1.
Compressed class space mapped at: 0x0000016556000000-0x0000016596000000, reserved size: 1073741824
Narrow klass base: 0x0000016555000000, Narrow klass shift: 0, Narrow klass range: 0x100000000

GC Precious Log:
 CardTable entry size: 512
 Card Set container configuration: InlinePtr #cards 4 size 8 Array Of Cards #cards 32 size 80 Howl #buckets 8 coarsen threshold 7372 Howl Bitmap #cards 1024 size 144 coarsen threshold 921 Card regions per heap region 1 cards per card region 8192
 CPUs: 28 total, 28 available
 Memory: 32454M
 Large Page Support: Disabled
 NUMA Support: Disabled
 Compressed Oops: Enabled (Zero based)
 Heap Region Size: 4M
 Heap Min Capacity: 8M
 Heap Initial Capacity: 508M
 Heap Max Capacity: 8116M
 Pre-touch: Disabled
 Parallel Workers: 20
 Concurrent Workers: 5
 Concurrent Refinement Workers: 20
 Periodic GC: Disabled

Heap:
 garbage-first heap   total 286720K, used 180741K [0x0000000604c00000, 0x0000000800000000)
  region size 4096K, 30 young (122880K), 0 survivors (0K)
 Metaspace       used 168375K, committed 169920K, reserved 1245184K
  class space    used 18005K, committed 18816K, reserved 1048576K

Heap Regions: E=young(eden), S=young(survivor), O=old, HS=humongous(starts), HC=humongous(continues), CS=collection set, F=free, TAMS=top-at-mark-start, PB=parsable bottom
|   0|0x0000000604c00000, 0x0000000605000000, 0x0000000605000000|100%| O|  |TAMS 0x0000000604c00000| PB 0x0000000604c00000| Untracked 
|   1|0x0000000605000000, 0x00000006053fffc0, 0x0000000605400000| 99%| O|  |TAMS 0x0000000605000000| PB 0x0000000605000000| Untracked 
|   2|0x0000000605400000, 0x00000006057ffff8, 0x0000000605800000| 99%| O|  |TAMS 0x0000000605400000| PB 0x0000000605400000| Untracked 
|   3|0x0000000605800000, 0x0000000605bfffe0, 0x0000000605c00000| 99%| O|  |TAMS 0x0000000605800000| PB 0x0000000605800000| Untracked 
|   4|0x0000000605c00000, 0x0000000605ffffd8, 0x0000000606000000| 99%| O|  |TAMS 0x0000000605c00000| PB 0x0000000605c00000| Untracked 
|   5|0x0000000606000000, 0x0000000606400000, 0x0000000606400000|100%| O|  |TAMS 0x0000000606000000| PB 0x0000000606000000| Untracked 
|   6|0x0000000606400000, 0x00000006067ff4f8, 0x0000000606800000| 99%| O|  |TAMS 0x0000000606400000| PB 0x0000000606400000| Untracked 
|   7|0x0000000606800000, 0x0000000606ae6aa8, 0x0000000606c00000| 72%| O|  |TAMS 0x0000000606800000| PB 0x0000000606800000| Untracked 
|   8|0x0000000606c00000, 0x0000000606fffda0, 0x0000000607000000| 99%| O|  |TAMS 0x0000000606c00000| PB 0x0000000606c00000| Untracked 
|   9|0x0000000607000000, 0x00000006073ffff0, 0x0000000607400000| 99%| O|  |TAMS 0x0000000607000000| PB 0x0000000607000000| Untracked 
|  10|0x0000000607400000, 0x00000006077ffff0, 0x0000000607800000| 99%| O|  |TAMS 0x0000000607400000| PB 0x0000000607400000| Untracked 
|  11|0x0000000607800000, 0x0000000607bfffe8, 0x0000000607c00000| 99%| O|  |TAMS 0x0000000607800000| PB 0x0000000607800000| Untracked 
|  12|0x0000000607c00000, 0x0000000608000000, 0x0000000608000000|100%| O|  |TAMS 0x0000000607c00000| PB 0x0000000607c00000| Untracked 
|  13|0x0000000608000000, 0x00000006083ffff0, 0x0000000608400000| 99%| O|  |TAMS 0x0000000608000000| PB 0x0000000608000000| Untracked 
|  14|0x0000000608400000, 0x0000000608488de0, 0x0000000608800000| 13%| O|  |TAMS 0x0000000608400000| PB 0x0000000608400000| Untracked 
|  15|0x0000000608800000, 0x0000000608a86778, 0x0000000608c00000| 63%| O|  |TAMS 0x0000000608800000| PB 0x0000000608800000| Untracked 
|  16|0x0000000608c00000, 0x0000000608c00000, 0x0000000609000000|  0%| F|  |TAMS 0x0000000608c00000| PB 0x0000000608c00000| Untracked 
|  17|0x0000000609000000, 0x00000006090f1870, 0x0000000609400000| 23%| O|  |TAMS 0x0000000609000000| PB 0x0000000609000000| Untracked 
|  18|0x0000000609400000, 0x0000000609692a58, 0x0000000609800000| 64%| O|  |TAMS 0x0000000609400000| PB 0x0000000609400000| Untracked 
|  19|0x0000000609800000, 0x0000000609863120, 0x0000000609c00000|  9%| O|  |TAMS 0x0000000609800000| PB 0x0000000609800000| Untracked 
|  20|0x0000000609c00000, 0x0000000609d3ec20, 0x000000060a000000| 31%| O|  |TAMS 0x0000000609c00000| PB 0x0000000609c00000| Untracked 
|  21|0x000000060a000000, 0x000000060a166310, 0x000000060a400000| 34%| O|  |TAMS 0x000000060a000000| PB 0x000000060a000000| Untracked 
|  22|0x000000060a400000, 0x000000060a400000, 0x000000060a800000|  0%| F|  |TAMS 0x000000060a400000| PB 0x000000060a400000| Untracked 
|  23|0x000000060a800000, 0x000000060a800000, 0x000000060ac00000|  0%| F|  |TAMS 0x000000060a800000| PB 0x000000060a800000| Untracked 
|  24|0x000000060ac00000, 0x000000060ac00000, 0x000000060b000000|  0%| F|  |TAMS 0x000000060ac00000| PB 0x000000060ac00000| Untracked 
|  25|0x000000060b000000, 0x000000060b000000, 0x000000060b400000|  0%| F|  |TAMS 0x000000060b000000| PB 0x000000060b000000| Untracked 
|  26|0x000000060b400000, 0x000000060b400000, 0x000000060b800000|  0%| F|  |TAMS 0x000000060b400000| PB 0x000000060b400000| Untracked 
|  27|0x000000060b800000, 0x000000060b800000, 0x000000060bc00000|  0%| F|  |TAMS 0x000000060b800000| PB 0x000000060b800000| Untracked 
|  28|0x000000060bc00000, 0x000000060bc00000, 0x000000060c000000|  0%| F|  |TAMS 0x000000060bc00000| PB 0x000000060bc00000| Untracked 
|  29|0x000000060c000000, 0x000000060c000000, 0x000000060c400000|  0%| F|  |TAMS 0x000000060c000000| PB 0x000000060c000000| Untracked 
|  30|0x000000060c400000, 0x000000060c400000, 0x000000060c800000|  0%| F|  |TAMS 0x000000060c400000| PB 0x000000060c400000| Untracked 
|  31|0x000000060c800000, 0x000000060c800000, 0x000000060cc00000|  0%| F|  |TAMS 0x000000060c800000| PB 0x000000060c800000| Untracked 
|  32|0x000000060cc00000, 0x000000060cc00000, 0x000000060d000000|  0%| F|  |TAMS 0x000000060cc00000| PB 0x000000060cc00000| Untracked 
|  33|0x000000060d000000, 0x000000060d000000, 0x000000060d400000|  0%| F|  |TAMS 0x000000060d000000| PB 0x000000060d000000| Untracked 
|  34|0x000000060d400000, 0x000000060d400000, 0x000000060d800000|  0%| F|  |TAMS 0x000000060d400000| PB 0x000000060d400000| Untracked 
|  35|0x000000060d800000, 0x000000060d800000, 0x000000060dc00000|  0%| F|  |TAMS 0x000000060d800000| PB 0x000000060d800000| Untracked 
|  36|0x000000060dc00000, 0x000000060dc00000, 0x000000060e000000|  0%| F|  |TAMS 0x000000060dc00000| PB 0x000000060dc00000| Untracked 
|  37|0x000000060e000000, 0x000000060e000000, 0x000000060e400000|  0%| F|  |TAMS 0x000000060e000000| PB 0x000000060e000000| Untracked 
|  38|0x000000060e400000, 0x000000060e400000, 0x000000060e800000|  0%| F|  |TAMS 0x000000060e400000| PB 0x000000060e400000| Untracked 
|  39|0x000000060e800000, 0x000000060e800000, 0x000000060ec00000|  0%| F|  |TAMS 0x000000060e800000| PB 0x000000060e800000| Untracked 
|  40|0x000000060ec00000, 0x000000060ef4e5b0, 0x000000060f000000| 82%| E|  |TAMS 0x000000060ec00000| PB 0x000000060ec00000| Complete 
|  41|0x000000060f000000, 0x000000060f400000, 0x000000060f400000|100%| E|CS|TAMS 0x000000060f000000| PB 0x000000060f000000| Complete 
|  42|0x000000060f400000, 0x000000060f800000, 0x000000060f800000|100%| E|CS|TAMS 0x000000060f400000| PB 0x000000060f400000| Complete 
|  43|0x000000060f800000, 0x000000060fc00000, 0x000000060fc00000|100%| E|CS|TAMS 0x000000060f800000| PB 0x000000060f800000| Complete 
|  44|0x000000060fc00000, 0x0000000610000000, 0x0000000610000000|100%| E|CS|TAMS 0x000000060fc00000| PB 0x000000060fc00000| Complete 
|  45|0x0000000610000000, 0x0000000610400000, 0x0000000610400000|100%| E|CS|TAMS 0x0000000610000000| PB 0x0000000610000000| Complete 
|  46|0x0000000610400000, 0x0000000610800000, 0x0000000610800000|100%| E|CS|TAMS 0x0000000610400000| PB 0x0000000610400000| Complete 
|  47|0x0000000610800000, 0x0000000610c00000, 0x0000000610c00000|100%| E|CS|TAMS 0x0000000610800000| PB 0x0000000610800000| Complete 
|  48|0x0000000610c00000, 0x0000000611000000, 0x0000000611000000|100%| E|CS|TAMS 0x0000000610c00000| PB 0x0000000610c00000| Complete 
|  49|0x0000000611000000, 0x0000000611400000, 0x0000000611400000|100%| E|CS|TAMS 0x0000000611000000| PB 0x0000000611000000| Complete 
|  50|0x0000000611400000, 0x0000000611800000, 0x0000000611800000|100%| E|CS|TAMS 0x0000000611400000| PB 0x0000000611400000| Complete 
|  51|0x0000000611800000, 0x0000000611c00000, 0x0000000611c00000|100%| E|CS|TAMS 0x0000000611800000| PB 0x0000000611800000| Complete 
|  52|0x0000000611c00000, 0x0000000612000000, 0x0000000612000000|100%| E|CS|TAMS 0x0000000611c00000| PB 0x0000000611c00000| Complete 
|  53|0x0000000612000000, 0x0000000612400000, 0x0000000612400000|100%| E|CS|TAMS 0x0000000612000000| PB 0x0000000612000000| Complete 
|  54|0x0000000612400000, 0x0000000612800000, 0x0000000612800000|100%| E|CS|TAMS 0x0000000612400000| PB 0x0000000612400000| Complete 
|  55|0x0000000612800000, 0x0000000612c00000, 0x0000000612c00000|100%| E|CS|TAMS 0x0000000612800000| PB 0x0000000612800000| Complete 
|  56|0x0000000612c00000, 0x0000000613000000, 0x0000000613000000|100%| E|CS|TAMS 0x0000000612c00000| PB 0x0000000612c00000| Complete 
|  57|0x0000000613000000, 0x0000000613400000, 0x0000000613400000|100%| E|CS|TAMS 0x0000000613000000| PB 0x0000000613000000| Complete 
|  58|0x0000000613400000, 0x0000000613800000, 0x0000000613800000|100%| E|CS|TAMS 0x0000000613400000| PB 0x0000000613400000| Complete 
|  59|0x0000000613800000, 0x0000000613c00000, 0x0000000613c00000|100%| E|CS|TAMS 0x0000000613800000| PB 0x0000000613800000| Complete 
|  60|0x0000000613c00000, 0x0000000614000000, 0x0000000614000000|100%| E|CS|TAMS 0x0000000613c00000| PB 0x0000000613c00000| Complete 
|  61|0x0000000614000000, 0x0000000614400000, 0x0000000614400000|100%| E|CS|TAMS 0x0000000614000000| PB 0x0000000614000000| Complete 
|  62|0x0000000614400000, 0x0000000614800000, 0x0000000614800000|100%| E|CS|TAMS 0x0000000614400000| PB 0x0000000614400000| Complete 
|  63|0x0000000614800000, 0x0000000614c00000, 0x0000000614c00000|100%| E|CS|TAMS 0x0000000614800000| PB 0x0000000614800000| Complete 
|  64|0x0000000614c00000, 0x0000000615000000, 0x0000000615000000|100%| E|CS|TAMS 0x0000000614c00000| PB 0x0000000614c00000| Complete 
|  65|0x0000000615000000, 0x0000000615400000, 0x0000000615400000|100%| E|CS|TAMS 0x0000000615000000| PB 0x0000000615000000| Complete 
|  66|0x0000000615400000, 0x0000000615800000, 0x0000000615800000|100%| E|CS|TAMS 0x0000000615400000| PB 0x0000000615400000| Complete 
|  67|0x0000000615800000, 0x0000000615c00000, 0x0000000615c00000|100%| E|  |TAMS 0x0000000615800000| PB 0x0000000615800000| Complete 
|  68|0x0000000615c00000, 0x0000000616000000, 0x0000000616000000|100%| E|CS|TAMS 0x0000000615c00000| PB 0x0000000615c00000| Complete 
|  69|0x0000000616000000, 0x0000000616400000, 0x0000000616400000|100%| E|CS|TAMS 0x0000000616000000| PB 0x0000000616000000| Complete 

Card table byte_map: [0x0000016548190000,0x0000016549170000] _byte_map_base: 0x000001654516a000

Marking Bits: (CMBitMap*) 0x000001653db55810
 Bits: [0x0000016549170000, 0x0000016551040000)

Polling page: 0x000001653d7a0000

Metaspace:

Usage:
  Non-class:    146.85 MB used.
      Class:     17.58 MB used.
       Both:    164.43 MB used.

Virtual space:
  Non-class space:      192.00 MB reserved,     147.56 MB ( 77%) committed,  3 nodes.
      Class space:        1.00 GB reserved,      18.38 MB (  2%) committed,  1 nodes.
             Both:        1.19 GB reserved,     165.94 MB ( 14%) committed. 

Chunk freelists:
   Non-Class:  12.13 MB
       Class:  13.73 MB
        Both:  25.86 MB

MaxMetaspaceSize: unlimited
CompressedClassSpaceSize: 1.00 GB
Initial GC threshold: 21.00 MB
Current GC threshold: 273.06 MB
CDS: on
 - commit_granule_bytes: 65536.
 - commit_granule_words: 8192.
 - virtual_space_node_default_size: 8388608.
 - enlarge_chunks_in_place: 1.
 - use_allocation_guard: 0.


Internal statistics:

num_allocs_failed_limit: 8.
num_arena_births: 6628.
num_arena_deaths: 4840.
num_vsnodes_births: 4.
num_vsnodes_deaths: 0.
num_space_committed: 2645.
num_space_uncommitted: 9.
num_chunks_returned_to_freelist: 6190.
num_chunks_taken_from_freelist: 15972.
num_chunk_merges: 1776.
num_chunk_splits: 8806.
num_chunks_enlarged: 5724.
num_inconsistent_stats: 0.

CodeCache: size=49152Kb used=23130Kb max_used=35823Kb free=26021Kb
 bounds [0x0000016542bf0000, 0x0000016545020000, 0x0000016545bf0000]
 total_blobs=11790 nmethods=10787 adapters=925
 compilation: enabled
              stopped_count=0, restarted_count=0
 full_count=0

Compilation events (20 events):
Event: 14560.008 Thread 0x00000165a3a15840 111107       1       org.apache.catalina.core.ContainerBase::getParent (5 bytes)
Event: 14560.008 Thread 0x00000165a3a15840 nmethod 111107 0x0000016543268610 code [0x00000165432687a0, 0x0000016543268870]
Event: 14560.008 Thread 0x00000165a3a15840 111108       1       javax.management.ObjectName::construct (1135 bytes)
Event: 14560.008 Thread 0x00000165a3647d30 111109       1       java.util.concurrent.locks.ReentrantReadWriteLock::readLock (5 bytes)
Event: 14560.008 Thread 0x00000165a3647d30 nmethod 111109 0x0000016543325790 code [0x0000016543325920, 0x00000165433259f0]
Event: 14560.008 Thread 0x00000165a3a14aa0 111110       1       org.apache.catalina.core.StandardContext$1::unbind (1 bytes)
Event: 14560.008 Thread 0x00000165a3a14aa0 nmethod 111110 0x00000165437cb710 code [0x00000165437cb8a0, 0x00000165437cb968]
Event: 14560.009 Thread 0x00000165a3647d30 111111       1       org.apache.catalina.core.ApplicationContextFacade::getContextPath (25 bytes)
Event: 14560.009 Thread 0x00000165a3a14aa0 111112       1       java.util.logging.Logger::demandLogger (36 bytes)
Event: 14560.009 Thread 0x00000165a3647d30 nmethod 111111 0x00000165437cb390 code [0x00000165437cb520, 0x00000165437cb608]
Event: 14560.009 Thread 0x00000165a3a14aa0 nmethod 111112 0x0000016543c4b510 code [0x0000016543c4b720, 0x0000016543c4bb60]
Event: 14560.009 Thread 0x0000016554986dd0 111113       1       java.util.Properties::entrySet (19 bytes)
Event: 14560.009 Thread 0x00000165a3a15170 111114       1       java.util.Properties$EntrySet::<init> (10 bytes)
Event: 14560.009 Thread 0x00000165a3a143d0 111115       1       java.util.Properties$EntrySet::iterator (10 bytes)
Event: 14560.009 Thread 0x00000165a3a15840 nmethod 111108 0x0000016543c78010 code [0x0000016543c784e0, 0x0000016543c7aaf8]
Event: 14560.009 Thread 0x00000165a3a15170 nmethod 111114 0x0000016543c4b210 code [0x0000016543c4b3a0, 0x0000016543c4b4b8]
Event: 14560.009 Thread 0x00000165a3a143d0 nmethod 111115 0x0000016543c4ae90 code [0x0000016543c4b040, 0x0000016543c4b140]
Event: 14560.009 Thread 0x0000016554986dd0 nmethod 111113 0x0000016543c4a790 code [0x0000016543c4a940, 0x0000016543c4ad38]
Event: 14587.213 Thread 0x0000016554986dd0 111116       1       java.lang.invoke.VarHandleGuards::guard_LII_V (135 bytes)
Event: 14587.214 Thread 0x0000016554986dd0 nmethod 111116 0x00000165439d2710 code [0x00000165439d2a40, 0x00000165439d39d8]

GC Heap History (20 events):
Event: 14365.299 GC heap before
{Heap before GC invocations=304 (full 8):
 garbage-first heap   total 327680K, used 281793K [0x0000000604c00000, 0x0000000800000000)
  region size 4096K, 40 young (163840K), 2 survivors (8192K)
 Metaspace       used 160387K, committed 162880K, reserved 1245184K
  class space    used 17728K, committed 18816K, reserved 1048576K
}
Event: 14365.302 GC heap after
{Heap after GC invocations=305 (full 8):
 garbage-first heap   total 327680K, used 125745K [0x0000000604c00000, 0x0000000800000000)
  region size 4096K, 2 young (8192K), 2 survivors (8192K)
 Metaspace       used 160387K, committed 162880K, reserved 1245184K
  class space    used 17728K, committed 18816K, reserved 1048576K
}
Event: 14545.799 GC heap before
{Heap before GC invocations=305 (full 8):
 garbage-first heap   total 327680K, used 281393K [0x0000000604c00000, 0x0000000800000000)
  region size 4096K, 40 young (163840K), 2 survivors (8192K)
 Metaspace       used 160388K, committed 162880K, reserved 1245184K
  class space    used 17728K, committed 18816K, reserved 1048576K
}
Event: 14545.801 GC heap after
{Heap after GC invocations=306 (full 8):
 garbage-first heap   total 327680K, used 110780K [0x0000000604c00000, 0x0000000800000000)
  region size 4096K, 2 young (8192K), 2 survivors (8192K)
 Metaspace       used 160388K, committed 162880K, reserved 1245184K
  class space    used 17728K, committed 18816K, reserved 1048576K
}
Event: 14545.803 GC heap before
{Heap before GC invocations=306 (full 8):
 garbage-first heap   total 327680K, used 110780K [0x0000000604c00000, 0x0000000800000000)
  region size 4096K, 3 young (12288K), 2 survivors (8192K)
 Metaspace       used 160390K, committed 162880K, reserved 1245184K
  class space    used 17729K, committed 18816K, reserved 1048576K
}
Event: 14545.842 GC heap after
{Heap after GC invocations=307 (full 9):
 garbage-first heap   total 303104K, used 73787K [0x0000000604c00000, 0x0000000800000000)
  region size 4096K, 0 young (0K), 0 survivors (0K)
 Metaspace       used 158991K, committed 162688K, reserved 1245184K
  class space    used 17405K, committed 18816K, reserved 1048576K
}
Event: 14546.222 GC heap before
{Heap before GC invocations=307 (full 9):
 garbage-first heap   total 303104K, used 172091K [0x0000000604c00000, 0x0000000800000000)
  region size 4096K, 25 young (102400K), 0 survivors (0K)
 Metaspace       used 161414K, committed 163456K, reserved 1245184K
  class space    used 17563K, committed 18816K, reserved 1048576K
}
Event: 14546.224 GC heap after
{Heap after GC invocations=308 (full 9):
 garbage-first heap   total 303104K, used 82352K [0x0000000604c00000, 0x0000000800000000)
  region size 4096K, 3 young (12288K), 3 survivors (12288K)
 Metaspace       used 161414K, committed 163456K, reserved 1245184K
  class space    used 17563K, committed 18816K, reserved 1048576K
}
Event: 14550.985 GC heap before
{Heap before GC invocations=309 (full 9):
 garbage-first heap   total 303104K, used 119216K [0x0000000604c00000, 0x0000000800000000)
  region size 4096K, 13 young (53248K), 3 survivors (12288K)
 Metaspace       used 161661K, committed 163648K, reserved 1245184K
  class space    used 17603K, committed 18816K, reserved 1048576K
}
Event: 14550.987 GC heap after
{Heap after GC invocations=310 (full 9):
 garbage-first heap   total 303104K, used 85718K [0x0000000604c00000, 0x0000000800000000)
  region size 4096K, 3 young (12288K), 3 survivors (12288K)
 Metaspace       used 161661K, committed 163648K, reserved 1245184K
  class space    used 17603K, committed 18816K, reserved 1048576K
}
Event: 14551.262 GC heap before
{Heap before GC invocations=311 (full 9):
 garbage-first heap   total 303104K, used 126678K [0x0000000604c00000, 0x0000000800000000)
  region size 4096K, 14 young (57344K), 3 survivors (12288K)
 Metaspace       used 161708K, committed 163648K, reserved 1245184K
  class space    used 17610K, committed 18816K, reserved 1048576K
}
Event: 14551.265 GC heap after
{Heap after GC invocations=312 (full 9):
 garbage-first heap   total 364544K, used 90171K [0x0000000604c00000, 0x0000000800000000)
  region size 4096K, 4 young (16384K), 4 survivors (16384K)
 Metaspace       used 161708K, committed 163648K, reserved 1245184K
  class space    used 17610K, committed 18816K, reserved 1048576K
}
Event: 14551.875 GC heap before
{Heap before GC invocations=313 (full 9):
 garbage-first heap   total 356352K, used 208955K [0x0000000604c00000, 0x0000000800000000)
  region size 4096K, 34 young (139264K), 4 survivors (16384K)
 Metaspace       used 162667K, committed 164544K, reserved 1245184K
  class space    used 17679K, committed 18816K, reserved 1048576K
}
Event: 14551.880 GC heap after
{Heap after GC invocations=314 (full 9):
 garbage-first heap   total 356352K, used 92963K [0x0000000604c00000, 0x0000000800000000)
  region size 4096K, 3 young (12288K), 3 survivors (12288K)
 Metaspace       used 162667K, committed 164544K, reserved 1245184K
  class space    used 17679K, committed 18816K, reserved 1048576K
}
Event: 14552.508 GC heap before
{Heap before GC invocations=315 (full 9):
 garbage-first heap   total 356352K, used 228131K [0x0000000604c00000, 0x0000000800000000)
  region size 4096K, 37 young (151552K), 3 survivors (12288K)
 Metaspace       used 164637K, committed 166400K, reserved 1245184K
  class space    used 17794K, committed 18816K, reserved 1048576K
}
Event: 14552.511 GC heap after
{Heap after GC invocations=316 (full 9):
 garbage-first heap   total 356352K, used 101253K [0x0000000604c00000, 0x0000000800000000)
  region size 4096K, 5 young (20480K), 5 survivors (20480K)
 Metaspace       used 164637K, committed 166400K, reserved 1245184K
  class space    used 17794K, committed 18816K, reserved 1048576K
}
Event: 14552.906 GC heap before
{Heap before GC invocations=317 (full 9):
 garbage-first heap   total 356352K, used 199557K [0x0000000604c00000, 0x0000000800000000)
  region size 4096K, 30 young (122880K), 5 survivors (20480K)
 Metaspace       used 166015K, committed 167744K, reserved 1245184K
  class space    used 17867K, committed 18816K, reserved 1048576K
}
Event: 14552.911 GC heap after
{Heap after GC invocations=318 (full 9):
 garbage-first heap   total 356352K, used 108133K [0x0000000604c00000, 0x0000000800000000)
  region size 4096K, 5 young (20480K), 5 survivors (20480K)
 Metaspace       used 166015K, committed 167744K, reserved 1245184K
  class space    used 17867K, committed 18816K, reserved 1048576K
}
Event: 14559.029 GC heap before
{Heap before GC invocations=319 (full 9):
 garbage-first heap   total 356352K, used 218725K [0x0000000604c00000, 0x0000000800000000)
  region size 4096K, 33 young (135168K), 5 survivors (20480K)
 Metaspace       used 166168K, committed 167872K, reserved 1245184K
  class space    used 17891K, committed 18816K, reserved 1048576K
}
Event: 14559.061 GC heap after
{Heap after GC invocations=320 (full 10):
 garbage-first heap   total 286720K, used 66053K [0x0000000604c00000, 0x0000000800000000)
  region size 4096K, 0 young (0K), 0 survivors (0K)
 Metaspace       used 165896K, committed 167808K, reserved 1245184K
  class space    used 17829K, committed 18816K, reserved 1048576K
}

Dll operation events (16 events):
Event: 0.052 Loaded shared library F:\spring-tool-suite-4-4.27.0.RELEASE-e4.34.0-win32.win32.x86_64\sts-4.27.0.RELEASE\plugins\org.eclipse.justj.openjdk.hotspot.jre.full.win32.x86_64_21.0.5.v20241023-1957\jre\bin\java.dll
Event: 0.066 Loaded shared library F:\spring-tool-suite-4-4.27.0.RELEASE-e4.34.0-win32.win32.x86_64\sts-4.27.0.RELEASE\plugins\org.eclipse.justj.openjdk.hotspot.jre.full.win32.x86_64_21.0.5.v20241023-1957\jre\bin\zip.dll
Event: 0.267 Loaded shared library F:\spring-tool-suite-4-4.27.0.RELEASE-e4.34.0-win32.win32.x86_64\sts-4.27.0.RELEASE\plugins\org.eclipse.justj.openjdk.hotspot.jre.full.win32.x86_64_21.0.5.v20241023-1957\jre\bin\instrument.dll
Event: 0.270 Loaded shared library F:\spring-tool-suite-4-4.27.0.RELEASE-e4.34.0-win32.win32.x86_64\sts-4.27.0.RELEASE\plugins\org.eclipse.justj.openjdk.hotspot.jre.full.win32.x86_64_21.0.5.v20241023-1957\jre\bin\net.dll
Event: 0.270 Loaded shared library F:\spring-tool-suite-4-4.27.0.RELEASE-e4.34.0-win32.win32.x86_64\sts-4.27.0.RELEASE\plugins\org.eclipse.justj.openjdk.hotspot.jre.full.win32.x86_64_21.0.5.v20241023-1957\jre\bin\nio.dll
Event: 0.287 Loaded shared library F:\spring-tool-suite-4-4.27.0.RELEASE-e4.34.0-win32.win32.x86_64\sts-4.27.0.RELEASE\plugins\org.eclipse.justj.openjdk.hotspot.jre.full.win32.x86_64_21.0.5.v20241023-1957\jre\bin\zip.dll
Event: 3.440 Loaded shared library F:\spring-tool-suite-4-4.27.0.RELEASE-e4.34.0-win32.win32.x86_64\sts-4.27.0.RELEASE\plugins\org.eclipse.justj.openjdk.hotspot.jre.full.win32.x86_64_21.0.5.v20241023-1957\jre\bin\jimage.dll
Event: 3.480 Loaded shared library F:\spring-tool-suite-4-4.27.0.RELEASE-e4.34.0-win32.win32.x86_64\sts-4.27.0.RELEASE\plugins\org.eclipse.justj.openjdk.hotspot.jre.full.win32.x86_64_21.0.5.v20241023-1957\jre\bin\management.dll
Event: 3.490 Loaded shared library F:\spring-tool-suite-4-4.27.0.RELEASE-e4.34.0-win32.win32.x86_64\sts-4.27.0.RELEASE\plugins\org.eclipse.justj.openjdk.hotspot.jre.full.win32.x86_64_21.0.5.v20241023-1957\jre\bin\management_ext.dll
Event: 3.661 Loaded shared library F:\spring-tool-suite-4-4.27.0.RELEASE-e4.34.0-win32.win32.x86_64\sts-4.27.0.RELEASE\plugins\org.eclipse.justj.openjdk.hotspot.jre.full.win32.x86_64_21.0.5.v20241023-1957\jre\bin\extnet.dll
Event: 3.679 Loaded shared library F:\spring-tool-suite-4-4.27.0.RELEASE-e4.34.0-win32.win32.x86_64\sts-4.27.0.RELEASE\plugins\org.eclipse.justj.openjdk.hotspot.jre.full.win32.x86_64_21.0.5.v20241023-1957\jre\bin\verify.dll
Event: 4.712 Loaded shared library F:\spring-tool-suite-4-4.27.0.RELEASE-e4.34.0-win32.win32.x86_64\sts-4.27.0.RELEASE\plugins\org.eclipse.justj.openjdk.hotspot.jre.full.win32.x86_64_21.0.5.v20241023-1957\jre\bin\sunmscapi.dll
Event: 13465.860 Loaded shared library F:\spring-tool-suite-4-4.27.0.RELEASE-e4.34.0-win32.win32.x86_64\sts-4.27.0.RELEASE\plugins\org.eclipse.justj.openjdk.hotspot.jre.full.win32.x86_64_21.0.5.v20241023-1957\jre\bin\awt.dll
Event: 13465.967 Loaded shared library F:\spring-tool-suite-4-4.27.0.RELEASE-e4.34.0-win32.win32.x86_64\sts-4.27.0.RELEASE\plugins\org.eclipse.justj.openjdk.hotspot.jre.full.win32.x86_64_21.0.5.v20241023-1957\jre\bin\freetype.dll
Event: 13465.992 Loaded shared library F:\spring-tool-suite-4-4.27.0.RELEASE-e4.34.0-win32.win32.x86_64\sts-4.27.0.RELEASE\plugins\org.eclipse.justj.openjdk.hotspot.jre.full.win32.x86_64_21.0.5.v20241023-1957\jre\bin\fontmanager.dll
Event: 13466.062 Loaded shared library F:\spring-tool-suite-4-4.27.0.RELEASE-e4.34.0-win32.win32.x86_64\sts-4.27.0.RELEASE\plugins\org.eclipse.justj.openjdk.hotspot.jre.full.win32.x86_64_21.0.5.v20241023-1957\jre\bin\javajpeg.dll

Deoptimization events (20 events):
Event: 14560.014 Thread 0x000001659e5f87d0 DEOPT PACKING pc=0x0000016543a3eb6c sp=0x0000004f4cefba30
Event: 14560.014 Thread 0x000001659e5f87d0 DEOPT UNPACKING pc=0x0000016542c44e42 sp=0x0000004f4cefaf68 mode 1
Event: 14560.014 Thread 0x000001659e5f87d0 DEOPT PACKING pc=0x0000016543a3dbf4 sp=0x0000004f4cefbb20
Event: 14560.014 Thread 0x000001659e5f87d0 DEOPT UNPACKING pc=0x0000016542c44e42 sp=0x0000004f4cefb0d0 mode 1
Event: 14560.014 Thread 0x000001659e5f87d0 DEOPT PACKING pc=0x0000016543a3c3ac sp=0x0000004f4cefbc90
Event: 14560.014 Thread 0x000001659e5f87d0 DEOPT UNPACKING pc=0x0000016542c44e42 sp=0x0000004f4cefb250 mode 1
Event: 14560.014 Thread 0x000001659e5f87d0 DEOPT PACKING pc=0x0000016543a3eb6c sp=0x0000004f4cefbb20
Event: 14560.014 Thread 0x000001659e5f87d0 DEOPT UNPACKING pc=0x0000016542c44e42 sp=0x0000004f4cefb058 mode 1
Event: 14560.014 Thread 0x000001659e5f87d0 DEOPT PACKING pc=0x0000016543a3dbf4 sp=0x0000004f4cefbc10
Event: 14560.014 Thread 0x000001659e5f87d0 DEOPT UNPACKING pc=0x0000016542c44e42 sp=0x0000004f4cefb1c0 mode 1
Event: 14560.014 Thread 0x000001659e5f87d0 DEOPT PACKING pc=0x0000016543a3c3ac sp=0x0000004f4cefbd80
Event: 14560.014 Thread 0x000001659e5f87d0 DEOPT UNPACKING pc=0x0000016542c44e42 sp=0x0000004f4cefb340 mode 1
Event: 14560.014 Thread 0x000001659e5f87d0 DEOPT PACKING pc=0x0000016543a3eb6c sp=0x0000004f4cefba30
Event: 14560.014 Thread 0x000001659e5f87d0 DEOPT UNPACKING pc=0x0000016542c44e42 sp=0x0000004f4cefaf68 mode 1
Event: 14560.014 Thread 0x000001659e5f87d0 DEOPT PACKING pc=0x0000016543a3dbf4 sp=0x0000004f4cefbb20
Event: 14560.014 Thread 0x000001659e5f87d0 DEOPT UNPACKING pc=0x0000016542c44e42 sp=0x0000004f4cefb0d0 mode 1
Event: 14560.014 Thread 0x000001659e5f87d0 DEOPT PACKING pc=0x0000016543a3c3ac sp=0x0000004f4cefbc90
Event: 14560.014 Thread 0x000001659e5f87d0 DEOPT UNPACKING pc=0x0000016542c44e42 sp=0x0000004f4cefb250 mode 1
Event: 14586.600 Thread 0x000001659e5f87d0 DEOPT PACKING pc=0x000001654304a9b4 sp=0x0000004f4cefcab0
Event: 14586.600 Thread 0x000001659e5f87d0 DEOPT UNPACKING pc=0x0000016542c44e42 sp=0x0000004f4cefbf68 mode 0

Classes loaded (20 events):
Event: 13967.830 Loading class java/lang/StringEditor
Event: 13967.830 Loading class java/lang/StringEditor done
Event: 14028.784 Loading class java/lang/invoke/BoundMethodHandle$Species_LLLLLLLLLL
Event: 14028.784 Loading class java/lang/invoke/BoundMethodHandle$Species_LLLLLLLLLL done
Event: 14028.785 Loading class java/lang/invoke/BoundMethodHandle$Species_LLLLLLLLLLL
Event: 14028.785 Loading class java/lang/invoke/BoundMethodHandle$Species_LLLLLLLLLLL done
Event: 14028.786 Loading class java/lang/invoke/BoundMethodHandle$Species_LLLLLLLLLLLL
Event: 14028.786 Loading class java/lang/invoke/BoundMethodHandle$Species_LLLLLLLLLLLL done
Event: 14028.787 Loading class java/lang/invoke/BoundMethodHandle$Species_LLLLLLLLLLLLL
Event: 14028.787 Loading class java/lang/invoke/BoundMethodHandle$Species_LLLLLLLLLLLLL done
Event: 14545.873 Loading class java/lang/ObjectBeanInfo
Event: 14545.873 Loading class java/lang/ObjectBeanInfo done
Event: 14545.873 Loading class java/lang/ObjectBeanInfo
Event: 14545.873 Loading class java/lang/ObjectBeanInfo done
Event: 14545.873 Loading class java/lang/ObjectCustomizer
Event: 14545.873 Loading class java/lang/ObjectCustomizer done
Event: 14545.873 Loading class java/lang/ObjectCustomizer
Event: 14545.873 Loading class java/lang/ObjectCustomizer done
Event: 14550.814 Loading class java/time/DurationEditor
Event: 14550.814 Loading class java/time/DurationEditor done

Classes unloaded (20 events):
Event: 14559.040 Thread 0x00000165513773a0 Unloading class 0x0000016556ef1400 'java/lang/invoke/LambdaForm$MH+0x0000016556ef1400'
Event: 14559.040 Thread 0x00000165513773a0 Unloading class 0x0000016556ef1000 'java/lang/invoke/LambdaForm$MH+0x0000016556ef1000'
Event: 14559.040 Thread 0x00000165513773a0 Unloading class 0x0000016556eef400 'java/lang/invoke/LambdaForm$MH+0x0000016556eef400'
Event: 14559.040 Thread 0x00000165513773a0 Unloading class 0x0000016556eeec00 'java/lang/invoke/LambdaForm$MH+0x0000016556eeec00'
Event: 14559.040 Thread 0x00000165513773a0 Unloading class 0x0000016556eee000 'java/lang/invoke/LambdaForm$MH+0x0000016556eee000'
Event: 14559.040 Thread 0x00000165513773a0 Unloading class 0x0000016556eec400 'java/lang/invoke/LambdaForm$MH+0x0000016556eec400'
Event: 14559.040 Thread 0x00000165513773a0 Unloading class 0x0000016556eeb800 'java/lang/invoke/LambdaForm$MH+0x0000016556eeb800'
Event: 14559.040 Thread 0x00000165513773a0 Unloading class 0x0000016556eeb000 'java/lang/invoke/LambdaForm$MH+0x0000016556eeb000'
Event: 14559.040 Thread 0x00000165513773a0 Unloading class 0x0000016556eea800 'java/lang/invoke/LambdaForm$MH+0x0000016556eea800'
Event: 14559.040 Thread 0x00000165513773a0 Unloading class 0x0000016556ee9800 'java/lang/invoke/LambdaForm$MH+0x0000016556ee9800'
Event: 14559.040 Thread 0x00000165513773a0 Unloading class 0x0000016556ee9000 'java/lang/invoke/LambdaForm$MH+0x0000016556ee9000'
Event: 14559.040 Thread 0x00000165513773a0 Unloading class 0x0000016556ee8800 'java/lang/invoke/LambdaForm$MH+0x0000016556ee8800'
Event: 14559.040 Thread 0x00000165513773a0 Unloading class 0x0000016556ec3000 'java/lang/invoke/LambdaForm$MH+0x0000016556ec3000'
Event: 14559.040 Thread 0x00000165513773a0 Unloading class 0x0000016556e81800 'java/lang/invoke/LambdaForm$MH+0x0000016556e81800'
Event: 14559.040 Thread 0x00000165513773a0 Unloading class 0x0000016556e54c00 'java/lang/invoke/LambdaForm$MH+0x0000016556e54c00'
Event: 14559.040 Thread 0x00000165513773a0 Unloading class 0x0000016556d78400 'java/lang/invoke/LambdaForm$MH+0x0000016556d78400'
Event: 14559.040 Thread 0x00000165513773a0 Unloading class 0x0000016556d69000 'java/lang/invoke/LambdaForm$MH+0x0000016556d69000'
Event: 14559.040 Thread 0x00000165513773a0 Unloading class 0x0000016556d68400 'java/lang/invoke/LambdaForm$MH+0x0000016556d68400'
Event: 14559.040 Thread 0x00000165513773a0 Unloading class 0x0000016556c6d800 'java/lang/invoke/LambdaForm$MH+0x0000016556c6d800'
Event: 14559.040 Thread 0x00000165513773a0 Unloading class 0x0000016556008000 'java/lang/invoke/LambdaForm$MH+0x0000016556008000'

Classes redefined (20 events):
Event: 13834.842 Thread 0x00000165513773a0 redefined class name=com.pams.config.WebSecurityConfig, count=3
Event: 13834.842 Thread 0x00000165513773a0 redefined class name=com.pams.config.WebSecurityConfig, count=6
Event: 13834.842 Thread 0x00000165513773a0 redefined class name=com.pams.config.WebSecurityConfig, count=4
Event: 13834.842 Thread 0x00000165513773a0 redefined class name=com.pams.config.WebSecurityConfig, count=1
Event: 13834.842 Thread 0x00000165513773a0 redefined class name=com.pams.config.WebSecurityConfig, count=5
Event: 14011.168 Thread 0x00000165513773a0 redefined class name=com.pams.config.WebSecurityConfig, count=1
Event: 14011.168 Thread 0x00000165513773a0 redefined class name=com.pams.config.WebSecurityConfig, count=2
Event: 14011.168 Thread 0x00000165513773a0 redefined class name=com.pams.config.WebSecurityConfig, count=3
Event: 14011.168 Thread 0x00000165513773a0 redefined class name=com.pams.config.WebSecurityConfig, count=4
Event: 14011.168 Thread 0x00000165513773a0 redefined class name=com.pams.config.WebSecurityConfig, count=7
Event: 14011.168 Thread 0x00000165513773a0 redefined class name=com.pams.config.WebSecurityConfig, count=5
Event: 14011.168 Thread 0x00000165513773a0 redefined class name=com.pams.config.WebSecurityConfig, count=6
Event: 14071.317 Thread 0x00000165513773a0 redefined class name=com.pams.config.WebSecurityConfig, count=2
Event: 14071.317 Thread 0x00000165513773a0 redefined class name=com.pams.config.WebSecurityConfig, count=3
Event: 14071.317 Thread 0x00000165513773a0 redefined class name=com.pams.config.WebSecurityConfig, count=4
Event: 14071.317 Thread 0x00000165513773a0 redefined class name=com.pams.config.WebSecurityConfig, count=5
Event: 14071.317 Thread 0x00000165513773a0 redefined class name=com.pams.config.WebSecurityConfig, count=8
Event: 14071.317 Thread 0x00000165513773a0 redefined class name=com.pams.config.WebSecurityConfig, count=6
Event: 14071.317 Thread 0x00000165513773a0 redefined class name=com.pams.config.WebSecurityConfig, count=1
Event: 14071.317 Thread 0x00000165513773a0 redefined class name=com.pams.config.WebSecurityConfig, count=7

Internal exceptions (20 events):
Event: 14550.783 Thread 0x00000165a3f25ab0 Exception <a 'java/lang/NoClassDefFoundError'{0x0000000616c32418}: org/springframework/session/jdbc/JdbcIndexedSessionRepository> (0x0000000616c32418) 
thrown [s\src\hotspot\share\oops\constantPool.cpp, line 873]
Event: 14550.843 Thread 0x00000165a3f25ab0 Exception <a 'java/lang/NoSuchMethodError'{0x00000006163687e8}: 'int java.lang.invoke.DirectMethodHandle$Holder.invokeVirtual(java.lang.Object, java.lang.Object, java.lang.Object, java.lang.Object)'> (0x00000006163687e8) 
thrown [s\src\hotspot\share\interpreter\linkResolver.cpp, line 773]
Event: 14550.843 Thread 0x00000165a3f25ab0 Exception <a 'java/lang/NoSuchMethodError'{0x000000061636bde0}: 'int java.lang.invoke.DelegatingMethodHandle$Holder.reinvoke_L(java.lang.Object, java.lang.Object, java.lang.Object, java.lang.Object)'> (0x000000061636bde0) 
thrown [s\src\hotspot\share\interpreter\linkResolver.cpp, line 773]
Event: 14550.844 Thread 0x00000165a3f25ab0 Exception <a 'java/lang/ArrayIndexOutOfBoundsException'{0x000000061638ddf8}: Index 55357 out of bounds for length 256> (0x000000061638ddf8) 
thrown [s\src\hotspot\share\interpreter\interpreterRuntime.cpp, line 439]
Event: 14550.844 Thread 0x00000165a3f25ab0 Exception <a 'java/lang/ArrayIndexOutOfBoundsException'{0x000000061638e120}: Index 56481 out of bounds for length 256> (0x000000061638e120) 
thrown [s\src\hotspot\share\interpreter\interpreterRuntime.cpp, line 439]
Event: 14550.847 Thread 0x00000165a3f25ab0 Exception <a 'java/io/FileNotFoundException'{0x00000006163d2ef0}> (0x00000006163d2ef0) 
thrown [s\src\hotspot\share\prims\jni.cpp, line 520]
Event: 14550.889 Thread 0x00000165a3f25ab0 Exception <a 'java/lang/NoSuchMethodError'{0x0000000615444ff0}: 'void java.lang.invoke.DelegatingMethodHandle$Holder.reinvoke_L(java.lang.Object, java.lang.Object, long)'> (0x0000000615444ff0) 
thrown [s\src\hotspot\share\interpreter\linkResolver.cpp, line 773]
Event: 14551.160 Thread 0x00000165a3f25ab0 Exception <a 'java/lang/NoClassDefFoundError'{0x00000006167da858}: com/fasterxml/jackson/dataformat/xml/XmlMapper> (0x00000006167da858) 
thrown [s\src\hotspot\share\classfile\systemDictionary.cpp, line 301]
Event: 14551.537 Thread 0x00000165a3f25ab0 Exception <a 'java/lang/NoSuchMethodError'{0x0000000614376d50}: 'long java.lang.invoke.DelegatingMethodHandle$Holder.reinvoke_L(java.lang.Object, java.lang.Object)'> (0x0000000614376d50) 
thrown [s\src\hotspot\share\interpreter\linkResolver.cpp, line 773]
Event: 14559.029 Thread 0x00000165a3f24070 Exception <a 'java/lang/InterruptedException'{0x00000006125b2658}: sleep interrupted> (0x00000006125b2658) 
thrown [s\src\hotspot\share\prims\jvm.cpp, line 3074]
Event: 14559.067 Thread 0x000001659e5f87d0 Exception <a 'sun/nio/fs/WindowsException'{0x00000006160c8838}> (0x00000006160c8838) 
thrown [s\src\hotspot\share\prims\jni.cpp, line 520]
Event: 14559.440 Thread 0x000001659e5f87d0 Exception <a 'java/lang/NoClassDefFoundError'{0x0000000610336168}: org/flywaydb/core/Flyway> (0x0000000610336168) 
thrown [s\src\hotspot\share\oops\constantPool.cpp, line 873]
Event: 14559.939 Thread 0x000001659e5f87d0 Exception <a 'java/lang/NoClassDefFoundError'{0x00000006103367c8}: liquibase/integration/spring/SpringLiquibase> (0x00000006103367c8) 
thrown [s\src\hotspot\share\oops\constantPool.cpp, line 873]
Event: 14559.942 Thread 0x000001659e5f87d0 Exception <a 'java/lang/NoClassDefFoundError'{0x000000060fc094c8}: org/jooq/DSLContext> (0x000000060fc094c8) 
thrown [s\src\hotspot\share\oops\constantPool.cpp, line 873]
Event: 14559.945 Thread 0x000001659e5f87d0 Exception <a 'java/lang/NoClassDefFoundError'{0x000000060fcf3d00}: org/springframework/batch/core/repository/JobRepository> (0x000000060fcf3d00) 
thrown [s\src\hotspot\share\oops\constantPool.cpp, line 873]
Event: 14559.946 Thread 0x000001659e5f87d0 Exception <a 'java/lang/NoClassDefFoundError'{0x000000060fcf4358}: org/quartz/Scheduler> (0x000000060fcf4358) 
thrown [s\src\hotspot\share\oops\constantPool.cpp, line 873]
Event: 14559.946 Thread 0x000001659e5f87d0 Exception <a 'java/lang/NoClassDefFoundError'{0x000000060fcf49d8}: org/springframework/session/jdbc/JdbcIndexedSessionRepository> (0x000000060fcf49d8) 
thrown [s\src\hotspot\share\oops\constantPool.cpp, line 873]
Event: 14559.995 Thread 0x000001659e5f87d0 Exception <a 'java/lang/ArrayIndexOutOfBoundsException'{0x000000060f30c340}: Index 55357 out of bounds for length 256> (0x000000060f30c340) 
thrown [s\src\hotspot\share\interpreter\interpreterRuntime.cpp, line 439]
Event: 14559.995 Thread 0x000001659e5f87d0 Exception <a 'java/lang/ArrayIndexOutOfBoundsException'{0x000000060f30c668}: Index 56481 out of bounds for length 256> (0x000000060f30c668) 
thrown [s\src\hotspot\share\interpreter\interpreterRuntime.cpp, line 439]
Event: 14559.999 Thread 0x000001659e5f87d0 Exception <a 'java/io/FileNotFoundException'{0x000000060f351458}> (0x000000060f351458) 
thrown [s\src\hotspot\share\prims\jni.cpp, line 520]

ZGC Phase Switch (0 events):
No events

VM Operations (20 events):
Event: 14586.737 Executing VM operation: get/set locals done
Event: 14586.737 Executing VM operation: get/set locals
Event: 14586.737 Executing VM operation: get/set locals done
Event: 14586.738 Executing VM operation: get/set locals
Event: 14586.738 Executing VM operation: get/set locals done
Event: 14586.738 Executing VM operation: get/set locals
Event: 14586.738 Executing VM operation: get/set locals done
Event: 14586.738 Executing VM operation: get/set locals
Event: 14586.738 Executing VM operation: get/set locals done
Event: 14586.738 Executing VM operation: get/set locals
Event: 14586.738 Executing VM operation: get/set locals done
Event: 14586.739 Executing VM operation: get/set locals
Event: 14586.739 Executing VM operation: get/set locals done
Event: 14586.739 Executing VM operation: get/set locals
Event: 14586.739 Executing VM operation: get/set locals done
Event: 14586.739 Executing VM operation: get/set locals
Event: 14586.739 Executing VM operation: get/set locals done
Event: 14587.753 Executing VM operation: Cleanup
Event: 14587.753 Executing VM operation: Cleanup done
Event: 14592.953 Executing VM operation: GetObjectMonitorUsage

Memory protections (0 events):
No events

Nmethod flushes (20 events):
Event: 14552.936 Thread 0x00000165513773a0 flushing  nmethod 0x0000016544223c10
Event: 14552.936 Thread 0x00000165513773a0 flushing  nmethod 0x0000016544223f10
Event: 14552.936 Thread 0x00000165513773a0 flushing  nmethod 0x0000016544247510
Event: 14552.936 Thread 0x00000165513773a0 flushing  nmethod 0x000001654441a090
Event: 14552.936 Thread 0x00000165513773a0 flushing  nmethod 0x000001654443d210
Event: 14552.936 Thread 0x00000165513773a0 flushing  nmethod 0x00000165444aec90
Event: 14552.936 Thread 0x00000165513773a0 flushing  nmethod 0x00000165444afa90
Event: 14552.936 Thread 0x00000165513773a0 flushing  nmethod 0x00000165444ea390
Event: 14552.936 Thread 0x00000165513773a0 flushing  nmethod 0x0000016544676a10
Event: 14552.936 Thread 0x00000165513773a0 flushing  nmethod 0x0000016544697c90
Event: 14552.936 Thread 0x00000165513773a0 flushing  nmethod 0x00000165448f1310
Event: 14552.936 Thread 0x00000165513773a0 flushing  nmethod 0x00000165448f4f10
Event: 14552.936 Thread 0x00000165513773a0 flushing  nmethod 0x0000016544907990
Event: 14552.936 Thread 0x00000165513773a0 flushing  nmethod 0x0000016544b49510
Event: 14552.936 Thread 0x00000165513773a0 flushing  nmethod 0x0000016544b49890
Event: 14552.936 Thread 0x00000165513773a0 flushing  nmethod 0x0000016544b4b390
Event: 14552.936 Thread 0x00000165513773a0 flushing  nmethod 0x0000016544b6e410
Event: 14552.936 Thread 0x00000165513773a0 flushing  nmethod 0x0000016544b6ea10
Event: 14552.936 Thread 0x00000165513773a0 flushing  nmethod 0x0000016544b6f490
Event: 14552.936 Thread 0x00000165513773a0 flushing  nmethod 0x0000016544b6fa10

Events (20 events):
Event: 14559.024 Thread 0x00000165a3f22cc0 Thread exited: 0x00000165a3f22cc0
Event: 14559.025 Thread 0x000001659e6819f0 Thread exited: 0x000001659e6819f0
Event: 14559.029 Thread 0x00000165a3f24070 Thread exited: 0x00000165a3f24070
Event: 14559.029 Thread 0x00000165a3f24d90 Thread exited: 0x00000165a3f24d90
Event: 14559.061 Thread 0x00000165a3f25420 Thread exited: 0x00000165a3f25420
Event: 14559.061 Thread 0x000001659e680640 Thread added: 0x000001659e5f7ab0
Event: 14559.061 Thread 0x000001659e5f7ab0 Thread exited: 0x000001659e5f7ab0
Event: 14559.061 Thread 0x000001659e680640 Thread added: 0x000001659e5f87d0
Event: 14559.157 Thread 0x000001659e5f87d0 Thread added: 0x000001659e5f94f0
Event: 14559.171 Thread 0x000001659e5f94f0 Thread exited: 0x000001659e5f94f0
Event: 14559.943 Thread 0x00000165a3a15f10 Thread exited: 0x00000165a3a15f10
Event: 14560.026 Thread 0x000001659e681360 Thread exited: 0x000001659e681360
Event: 14565.012 Thread 0x00000165a3a143d0 Thread exited: 0x00000165a3a143d0
Event: 14565.012 Thread 0x00000165a3a15840 Thread exited: 0x00000165a3a15840
Event: 14565.012 Thread 0x00000165a3a15170 Thread exited: 0x00000165a3a15170
Event: 14570.012 Thread 0x00000165a3a14aa0 Thread exited: 0x00000165a3a14aa0
Event: 14570.012 Thread 0x00000165a3646f90 Thread exited: 0x00000165a3646f90
Event: 14570.013 Thread 0x00000165a3647660 Thread exited: 0x00000165a3647660
Event: 14575.026 Thread 0x00000165a3645b20 Thread exited: 0x00000165a3645b20
Event: 14580.038 Thread 0x00000165a3647d30 Thread exited: 0x00000165a3647d30


Dynamic libraries:
0x00007ff7485a0000 - 0x00007ff7485ae000 	F:\spring-tool-suite-4-4.27.0.RELEASE-e4.34.0-win32.win32.x86_64\sts-4.27.0.RELEASE\plugins\org.eclipse.justj.openjdk.hotspot.jre.full.win32.x86_64_21.0.5.v20241023-1957\jre\bin\javaw.exe
0x00007ffe7a540000 - 0x00007ffe7a7a6000 	C:\WINDOWS\SYSTEM32\ntdll.dll
0x00007ffe79fe0000 - 0x00007ffe7a0a9000 	C:\WINDOWS\System32\KERNEL32.DLL
0x00007ffe77cd0000 - 0x00007ffe780ca000 	C:\WINDOWS\System32\KERNELBASE.dll
0x00007ffe77890000 - 0x00007ffe779dc000 	C:\WINDOWS\System32\ucrtbase.dll
0x00007ffe64850000 - 0x00007ffe64868000 	F:\spring-tool-suite-4-4.27.0.RELEASE-e4.34.0-win32.win32.x86_64\sts-4.27.0.RELEASE\plugins\org.eclipse.justj.openjdk.hotspot.jre.full.win32.x86_64_21.0.5.v20241023-1957\jre\bin\jli.dll
0x00007ffe64770000 - 0x00007ffe6478e000 	F:\spring-tool-suite-4-4.27.0.RELEASE-e4.34.0-win32.win32.x86_64\sts-4.27.0.RELEASE\plugins\org.eclipse.justj.openjdk.hotspot.jre.full.win32.x86_64_21.0.5.v20241023-1957\jre\bin\VCRUNTIME140.dll
0x00007ffe7a0b0000 - 0x00007ffe7a277000 	C:\WINDOWS\System32\USER32.dll
0x00007ffe5f350000 - 0x00007ffe5f5e2000 	C:\WINDOWS\WinSxS\amd64_microsoft.windows.common-controls_6595b64144ccf1df_6.0.26100.8521_none_3e08b75ce33403b3\COMCTL32.dll
0x00007ffe777d0000 - 0x00007ffe777f7000 	C:\WINDOWS\System32\win32u.dll
0x00007ffe78ab0000 - 0x00007ffe78b59000 	C:\WINDOWS\System32\msvcrt.dll
0x00007ffe79b80000 - 0x00007ffe79bab000 	C:\WINDOWS\System32\GDI32.dll
0x00007ffe78180000 - 0x00007ffe782ab000 	C:\WINDOWS\System32\gdi32full.dll
0x00007ffe780d0000 - 0x00007ffe78173000 	C:\WINDOWS\System32\msvcp_win.dll
0x00007ffe7a420000 - 0x00007ffe7a452000 	C:\WINDOWS\System32\IMM32.DLL
0x00007ffe643c0000 - 0x00007ffe643cc000 	F:\spring-tool-suite-4-4.27.0.RELEASE-e4.34.0-win32.win32.x86_64\sts-4.27.0.RELEASE\plugins\org.eclipse.justj.openjdk.hotspot.jre.full.win32.x86_64_21.0.5.v20241023-1957\jre\bin\vcruntime140_1.dll
0x00007ffe32720000 - 0x00007ffe327ad000 	F:\spring-tool-suite-4-4.27.0.RELEASE-e4.34.0-win32.win32.x86_64\sts-4.27.0.RELEASE\plugins\org.eclipse.justj.openjdk.hotspot.jre.full.win32.x86_64_21.0.5.v20241023-1957\jre\bin\msvcp140.dll
0x00007ffde2e50000 - 0x00007ffde3bdf000 	F:\spring-tool-suite-4-4.27.0.RELEASE-e4.34.0-win32.win32.x86_64\sts-4.27.0.RELEASE\plugins\org.eclipse.justj.openjdk.hotspot.jre.full.win32.x86_64_21.0.5.v20241023-1957\jre\bin\server\jvm.dll
0x00007ffe79f20000 - 0x00007ffe79fd6000 	C:\WINDOWS\System32\ADVAPI32.dll
0x00007ffe782f0000 - 0x00007ffe7839a000 	C:\WINDOWS\System32\sechost.dll
0x00007ffe79a10000 - 0x00007ffe79b28000 	C:\WINDOWS\System32\RPCRT4.dll
0x00007ffe794f0000 - 0x00007ffe79570000 	C:\WINDOWS\System32\WS2_32.dll
0x00007ffe77630000 - 0x00007ffe7768e000 	C:\WINDOWS\SYSTEM32\POWRPROF.dll
0x00007ffe6e2d0000 - 0x00007ffe6e306000 	C:\WINDOWS\SYSTEM32\WINMM.dll
0x00007ffe64130000 - 0x00007ffe6413b000 	C:\WINDOWS\SYSTEM32\VERSION.dll
0x00007ffe77610000 - 0x00007ffe77624000 	C:\WINDOWS\SYSTEM32\UMPDC.dll
0x00007ffe76520000 - 0x00007ffe7653b000 	C:\WINDOWS\SYSTEM32\kernel.appcore.dll
0x00007ffe73360000 - 0x00007ffe7336a000 	F:\spring-tool-suite-4-4.27.0.RELEASE-e4.34.0-win32.win32.x86_64\sts-4.27.0.RELEASE\plugins\org.eclipse.justj.openjdk.hotspot.jre.full.win32.x86_64_21.0.5.v20241023-1957\jre\bin\jimage.dll
0x00007ffe74d40000 - 0x00007ffe74f82000 	C:\WINDOWS\SYSTEM32\DBGHELP.DLL
0x00007ffe78580000 - 0x00007ffe78903000 	C:\WINDOWS\System32\combase.dll
0x00007ffe78c80000 - 0x00007ffe78d59000 	C:\WINDOWS\System32\OLEAUT32.dll
0x00007ffe45090000 - 0x00007ffe450cb000 	C:\WINDOWS\SYSTEM32\dbgcore.DLL
0x00007ffe77aa0000 - 0x00007ffe77b48000 	C:\WINDOWS\System32\bcryptPrimitives.dll
0x00007ffe64930000 - 0x00007ffe6496c000 	F:\spring-tool-suite-4-4.27.0.RELEASE-e4.34.0-win32.win32.x86_64\sts-4.27.0.RELEASE\plugins\org.eclipse.justj.openjdk.hotspot.jre.full.win32.x86_64_21.0.5.v20241023-1957\jre\bin\jdwp.dll
0x00007ffe73270000 - 0x00007ffe7327f000 	F:\spring-tool-suite-4-4.27.0.RELEASE-e4.34.0-win32.win32.x86_64\sts-4.27.0.RELEASE\plugins\org.eclipse.justj.openjdk.hotspot.jre.full.win32.x86_64_21.0.5.v20241023-1957\jre\bin\instrument.dll
0x00007ffe652e0000 - 0x00007ffe652ff000 	F:\spring-tool-suite-4-4.27.0.RELEASE-e4.34.0-win32.win32.x86_64\sts-4.27.0.RELEASE\plugins\org.eclipse.justj.openjdk.hotspot.jre.full.win32.x86_64_21.0.5.v20241023-1957\jre\bin\java.dll
0x00007ffe78d60000 - 0x00007ffe794e4000 	C:\WINDOWS\System32\SHELL32.dll
0x00007ffe75350000 - 0x00007ffe75bd0000 	C:\WINDOWS\SYSTEM32\windows.storage.dll
0x00007ffe79e10000 - 0x00007ffe79f06000 	C:\WINDOWS\System32\SHCORE.dll
0x00007ffe79bb0000 - 0x00007ffe79c17000 	C:\WINDOWS\System32\shlwapi.dll
0x00007ffe776f0000 - 0x00007ffe77719000 	C:\WINDOWS\SYSTEM32\profapi.dll
0x00007ffe64750000 - 0x00007ffe64768000 	F:\spring-tool-suite-4-4.27.0.RELEASE-e4.34.0-win32.win32.x86_64\sts-4.27.0.RELEASE\plugins\org.eclipse.justj.openjdk.hotspot.jre.full.win32.x86_64_21.0.5.v20241023-1957\jre\bin\zip.dll
0x00007ffe64920000 - 0x00007ffe6492b000 	F:\spring-tool-suite-4-4.27.0.RELEASE-e4.34.0-win32.win32.x86_64\sts-4.27.0.RELEASE\plugins\org.eclipse.justj.openjdk.hotspot.jre.full.win32.x86_64_21.0.5.v20241023-1957\jre\bin\dt_socket.dll
0x00007ffe76040000 - 0x00007ffe76073000 	C:\WINDOWS\SYSTEM32\IPHLPAPI.DLL
0x00007ffe76a70000 - 0x00007ffe76adc000 	C:\WINDOWS\system32\mswsock.dll
0x00007ffe76080000 - 0x00007ffe761ca000 	C:\WINDOWS\SYSTEM32\DNSAPI.dll
0x00007ffe76890000 - 0x00007ffe7689d000 	C:\WINDOWS\SYSTEM32\DSPARSE.dll
0x00007ffe7a4f0000 - 0x00007ffe7a4fa000 	C:\WINDOWS\System32\NSI.dll
0x00007ffe711b0000 - 0x00007ffe711bb000 	C:\Windows\System32\rasadhlp.dll
0x00007ffe71e60000 - 0x00007ffe71ee6000 	C:\WINDOWS\System32\fwpuclnt.dll
0x00007ffe70de0000 - 0x00007ffe70df0000 	F:\spring-tool-suite-4-4.27.0.RELEASE-e4.34.0-win32.win32.x86_64\sts-4.27.0.RELEASE\plugins\org.eclipse.justj.openjdk.hotspot.jre.full.win32.x86_64_21.0.5.v20241023-1957\jre\bin\net.dll
0x00007ffe715d0000 - 0x00007ffe716f9000 	C:\WINDOWS\SYSTEM32\WINHTTP.dll
0x00007ffe643d0000 - 0x00007ffe643e6000 	F:\spring-tool-suite-4-4.27.0.RELEASE-e4.34.0-win32.win32.x86_64\sts-4.27.0.RELEASE\plugins\org.eclipse.justj.openjdk.hotspot.jre.full.win32.x86_64_21.0.5.v20241023-1957\jre\bin\nio.dll
0x00007ffe64390000 - 0x00007ffe6439a000 	F:\spring-tool-suite-4-4.27.0.RELEASE-e4.34.0-win32.win32.x86_64\sts-4.27.0.RELEASE\plugins\org.eclipse.justj.openjdk.hotspot.jre.full.win32.x86_64_21.0.5.v20241023-1957\jre\bin\management.dll
0x00007ffe64380000 - 0x00007ffe6438b000 	F:\spring-tool-suite-4-4.27.0.RELEASE-e4.34.0-win32.win32.x86_64\sts-4.27.0.RELEASE\plugins\org.eclipse.justj.openjdk.hotspot.jre.full.win32.x86_64_21.0.5.v20241023-1957\jre\bin\management_ext.dll
0x00007ffe782e0000 - 0x00007ffe782e8000 	C:\WINDOWS\System32\PSAPI.DLL
0x00007ffe578b0000 - 0x00007ffe578c8000 	C:\WINDOWS\system32\napinsp.dll
0x00007ffe57910000 - 0x00007ffe57923000 	C:\WINDOWS\System32\winrnr.dll
0x00007ffe57810000 - 0x00007ffe57832000 	C:\WINDOWS\system32\nlansp_c.dll
0x00007ffe578d0000 - 0x00007ffe578e6000 	C:\WINDOWS\system32\wshbth.dll
0x00007ffe76e70000 - 0x00007ffe76e8b000 	C:\WINDOWS\SYSTEM32\CRYPTSP.dll
0x00007ffe76480000 - 0x00007ffe764b9000 	C:\WINDOWS\system32\rsaenh.dll
0x00007ffe76b20000 - 0x00007ffe76b53000 	C:\WINDOWS\SYSTEM32\USERENV.dll
0x00007ffe776c0000 - 0x00007ffe776ea000 	C:\WINDOWS\SYSTEM32\bcrypt.dll
0x00007ffe76cd0000 - 0x00007ffe76cdc000 	C:\WINDOWS\SYSTEM32\CRYPTBASE.dll
0x00007ffe64790000 - 0x00007ffe64799000 	F:\spring-tool-suite-4-4.27.0.RELEASE-e4.34.0-win32.win32.x86_64\sts-4.27.0.RELEASE\plugins\org.eclipse.justj.openjdk.hotspot.jre.full.win32.x86_64_21.0.5.v20241023-1957\jre\bin\extnet.dll
0x00007ffe65e90000 - 0x00007ffe65ea0000 	F:\spring-tool-suite-4-4.27.0.RELEASE-e4.34.0-win32.win32.x86_64\sts-4.27.0.RELEASE\plugins\org.eclipse.justj.openjdk.hotspot.jre.full.win32.x86_64_21.0.5.v20241023-1957\jre\bin\verify.dll
0x00007ffe65060000 - 0x00007ffe6506e000 	F:\spring-tool-suite-4-4.27.0.RELEASE-e4.34.0-win32.win32.x86_64\sts-4.27.0.RELEASE\plugins\org.eclipse.justj.openjdk.hotspot.jre.full.win32.x86_64_21.0.5.v20241023-1957\jre\bin\sunmscapi.dll
0x00007ffe77b50000 - 0x00007ffe77cc8000 	C:\WINDOWS\System32\CRYPT32.dll
0x00007ffe76fd0000 - 0x00007ffe77000000 	C:\WINDOWS\SYSTEM32\ncrypt.dll
0x00007ffe76f80000 - 0x00007ffe76fbf000 	C:\WINDOWS\SYSTEM32\NTASN1.dll
0x00007ffe63c80000 - 0x00007ffe63c88000 	C:\WINDOWS\system32\wshunix.dll
0x00007ffe71b90000 - 0x00007ffe71bad000 	C:\WINDOWS\SYSTEM32\dhcpcsvc6.DLL
0x00007ffe71b60000 - 0x00007ffe71b85000 	C:\WINDOWS\SYSTEM32\dhcpcsvc.DLL
0x00007ffe328c0000 - 0x00007ffe32a4e000 	F:\spring-tool-suite-4-4.27.0.RELEASE-e4.34.0-win32.win32.x86_64\sts-4.27.0.RELEASE\plugins\org.eclipse.justj.openjdk.hotspot.jre.full.win32.x86_64_21.0.5.v20241023-1957\jre\bin\awt.dll
0x00007ffe73fa0000 - 0x00007ffe74040000 	C:\WINDOWS\SYSTEM32\apphelp.dll
0x00007ffe74790000 - 0x00007ffe747bf000 	C:\WINDOWS\system32\DWMAPI.DLL
0x00007ffe744b0000 - 0x00007ffe7455a000 	C:\WINDOWS\system32\uxtheme.dll
0x00007ffe378a0000 - 0x00007ffe37927000 	F:\spring-tool-suite-4-4.27.0.RELEASE-e4.34.0-win32.win32.x86_64\sts-4.27.0.RELEASE\plugins\org.eclipse.justj.openjdk.hotspot.jre.full.win32.x86_64_21.0.5.v20241023-1957\jre\bin\freetype.dll
0x00007ffe327e0000 - 0x00007ffe328bb000 	F:\spring-tool-suite-4-4.27.0.RELEASE-e4.34.0-win32.win32.x86_64\sts-4.27.0.RELEASE\plugins\org.eclipse.justj.openjdk.hotspot.jre.full.win32.x86_64_21.0.5.v20241023-1957\jre\bin\fontmanager.dll
0x00007ffe575f0000 - 0x00007ffe5761e000 	F:\spring-tool-suite-4-4.27.0.RELEASE-e4.34.0-win32.win32.x86_64\sts-4.27.0.RELEASE\plugins\org.eclipse.justj.openjdk.hotspot.jre.full.win32.x86_64_21.0.5.v20241023-1957\jre\bin\javajpeg.dll

dbghelp: loaded successfully - version: 4.0.5 - missing functions: none
symbol engine: initialized successfully - sym options: 0x614 - pdb path: .;F:\spring-tool-suite-4-4.27.0.RELEASE-e4.34.0-win32.win32.x86_64\sts-4.27.0.RELEASE\plugins\org.eclipse.justj.openjdk.hotspot.jre.full.win32.x86_64_21.0.5.v20241023-1957\jre\bin;C:\WINDOWS\SYSTEM32;C:\WINDOWS\WinSxS\amd64_microsoft.windows.common-controls_6595b64144ccf1df_6.0.26100.8521_none_3e08b75ce33403b3;F:\spring-tool-suite-4-4.27.0.RELEASE-e4.34.0-win32.win32.x86_64\sts-4.27.0.RELEASE\plugins\org.eclipse.justj.openjdk.hotspot.jre.full.win32.x86_64_21.0.5.v20241023-1957\jre\bin\server

VM Arguments:
jvm_args: -XX:+ShowCodeDetailsInExceptionMessages -agentlib:jdwp=transport=dt_socket,suspend=y,address=localhost:54014 -Dcom.sun.management.jmxremote -Dcom.sun.management.jmxremote.port=54013 -Dcom.sun.management.jmxremote.authenticate=false -Dcom.sun.management.jmxremote.ssl=false -Djava.rmi.server.hostname=localhost -Dspring.jmx.enabled=true -Dmanagement.endpoints.jmx.exposure.include=* -Dspring.application.admin.enabled=true -XX:TieredStopAtLevel=1 -Dspring.boot.project.name=ProMIS -javaagent:F:\spring-tool-suite-4-4.27.0.RELEASE-e4.34.0-win32.win32.x86_64\sts-4.27.0.RELEASE\configuration\org.eclipse.osgi\275\0\.cp\lib\javaagent-shaded.jar -Dfile.encoding=UTF-8 -Dstdout.encoding=UTF-8 -Dstderr.encoding=UTF-8 
java_command: com.pams.PromisApplication --spring.output.ansi.enabled=always
java_class_path (initial): F:\ProMIS17062026\ProMIS\target\classes;C:\Users\Dell\.m2\repository\org\springframework\boot\spring-boot-starter-data-jpa\3.5.15\spring-boot-starter-data-jpa-3.5.15.jar;C:\Users\Dell\.m2\repository\org\springframework\boot\spring-boot-starter\3.5.15\spring-boot-starter-3.5.15.jar;C:\Users\Dell\.m2\repository\org\springframework\boot\spring-boot-starter-logging\3.5.15\spring-boot-starter-logging-3.5.15.jar;C:\Users\Dell\.m2\repository\ch\qos\logback\logback-classic\1.5.34\logback-classic-1.5.34.jar;C:\Users\Dell\.m2\repository\ch\qos\logback\logback-core\1.5.34\logback-core-1.5.34.jar;C:\Users\Dell\.m2\repository\org\apache\logging\log4j\log4j-to-slf4j\2.24.3\log4j-to-slf4j-2.24.3.jar;C:\Users\Dell\.m2\repository\org\slf4j\jul-to-slf4j\2.0.18\jul-to-slf4j-2.0.18.jar;C:\Users\Dell\.m2\repository\org\yaml\snakeyaml\2.4\snakeyaml-2.4.jar;C:\Users\Dell\.m2\repository\org\springframework\boot\spring-boot-starter-jdbc\3.5.15\spring-boot-starter-jdbc-3.5.15.jar;C:\Users\Dell\.m2\repository\com\zaxxer\HikariCP\6.3.3\HikariCP-6.3.3.jar;C:\Users\Dell\.m2\repository\org\springframework\spring-jdbc\6.2.18\spring-jdbc-6.2.18.jar;C:\Users\Dell\.m2\repository\org\springframework\data\spring-data-jpa\3.5.12\spring-data-jpa-3.5.12.jar;C:\Users\Dell\.m2\repository\org\springframework\data\spring-data-commons\3.5.12\spring-data-commons-3.5.12.jar;C:\Users\Dell\.m2\repository\org\springframework\spring-orm\6.2.18\spring-orm-6.2.18.jar;C:\Users\Dell\.m2\repository\org\springframework\spring-context\6.2.18\spring-context-6.2.18.jar;C:\Users\Dell\.m2\repository\org\springframework\spring-tx\6.2.18\spring-tx-6.2.18.jar;C:\Users\Dell\.m2\repository\org\springframework\spring-beans\6.2.18\spring-beans-6.2.18.jar;C:\Users\Dell\.m2\repository\org\springframework\spring-aspects\6.2.18\spring-aspects-6.2.18.jar;C:\Users\Dell\.m2\repository\org\aspectj\aspectjweaver\1.9.25.1\aspectjweaver-1.9.25.1.jar;C:\Users\Dell\.m2\repository\org\springframework\boot\spring-boot-starter-security\3.5.15\spring-boot-starter-security-3.5.15.jar;C:\Users\Dell\.m2\repository\org\springframework\spring-aop\6.2.18\spring-aop-6.2.18.jar;C:\Users\Dell\.m2\repository\org\springframework\security\spring-security-config\6.5.8\spring-security-config-6.5.8.jar;C:\Users\Dell\.m2\repository\org\springframework\security\spring-security-web\6.5.8\spring-security-web-6.5.8.jar;C:\Users\Dell\.m2\repository\org\springframework\spring-expression\6.2.18\spring-expression-6.2.18.jar;C:\Users\Dell\.m2\repository\org\springframework\boot\spring-boot-starter-thymeleaf\3.5.15\spring-boot-starter-thymeleaf-3.5.15.jar;C:\Users\Dell\.m2\repository\org\thymeleaf\thymeleaf-spring6\3.1.5.RELEASE\thymeleaf-spring6-3.1.5.RELEASE.jar;C:\Users\Dell\.m2\repository\org\springframework\boot\spring-boot-starter-web\3.5.15\spring-boot-starter-web-3.5.15.jar;C:\Users\Dell\.m2\repository\org\springframework\boot\spring-boot-starter-json\3.5.15\spring-boot-starter-json-3.5.15.jar;C:\Users\Dell\.m2\repository\com\fasterxml\jackson\core\jackson-databind\2.21.4\jackson-databind-2.21.4.jar;C:\Users\Dell\.m2\repository\com\fasterxml\jackson\core\jackson-annotations\2.21\jackson-annotations-2.21.jar;C:\Users\Dell\.m2\repository\com\fasterxml\jackson\core\jackson-core\2.21.4\jackson-core-2.21.4.jar;C:\Users\Dell\.m2\repository\com\fasterxml\jackson\datatype\jackson-datatype-jdk8\2.21.4\jackson-datatype-jdk8-2.21.4.jar;C:\Users\Dell\.m2\repository\com\fasterxml\jackson\datatype\jackson-datatype-jsr310\2.21.4\jackson-datatype-jsr310-2.21.4.jar;C:\Users\Dell\.m2\repository\com\fasterxml\jackson\module\jackson-module-parameter-names\2.21.4\jackson-module-parameter-names-2.21.4.jar;C:\Users\Dell\.m2\repository\org\springframework\spring-web\6.2.18\spring-web-6.2.18.jar;C:\Users\Dell\.m2\repository\io\micrometer\micrometer-observation\1.15.12\micrometer-observation-1.15.12.jar;C:\Users\Dell\.m2\repository\io\micrometer\micrometer-commons\1.15.12\micrometer-commons-1.15.12.jar;C:\Users\Dell\.m2\repository\org\springframework\spring-webmvc\6.2.18\spring-webmvc-6.2.18.jar;C:\Users\Dell\.m2\repository\org\apache\poi\poi-ooxml\5.4.0\poi-ooxml-5.4.0.jar;C:\Users\Dell\.m2\repository\org\apache\poi\poi\5.4.0\poi-5.4.0.jar;C:\Users\Dell\.m2\repository\commons-codec\commons-codec\1.18.0\commons-codec-1.18.0.jar;C:\Users\Dell\.m2\repository\org\apache\commons\commons-math3\3.6.1\commons-math3-3.6.1.jar;C:\Users\Dell\.m2\repository\com\zaxxer\SparseBitSet\1.3\SparseBitSet-1.3.jar;C:\Users\Dell\.m2\repository\org\apache\poi\poi-ooxml-lite\5.4.0\poi-ooxml-lite-5.4.0.jar;C:\Users\Dell\.m2\repository\org\apache\xmlbeans\xmlbeans\5.3.0\xmlbeans-5.3.0.jar;C:\Users\Dell\.m2\repository\org\apache\commons\commons-compress\1.27.1\commons-compress-1.27.1.jar;C:\Users\Dell\.m2\repository\commons-io\commons-io\2.18.0\commons-io-2.18.0.jar;C:\Users\Dell\.m2\repository\com\github\virtuald\curvesapi\1.08\curvesapi-1.08.jar;C:\Users\Dell\.m2\repository\org\apache\logging\log4j\log4j-api\2.24.3\log4j-api-2.24.3.jar;C:\Users\Dell\.m2\repository\org\thymeleaf\extras\thymeleaf-extras-springsecurity6\3.1.5.RELEASE\thymeleaf-extras-springsecurity6-3.1.5.RELEASE.jar;C:\Users\Dell\.m2\repository\org\hibernate\orm\hibernate-core\6.1.0.Final\hibernate-core-6.1.0.Final.jar;C:\Users\Dell\.m2\repository\jakarta\persistence\jakarta.persistence-api\3.1.0\jakarta.persistence-api-3.1.0.jar;C:\Users\Dell\.m2\repository\jakarta\transaction\jakarta.transaction-api\2.0.1\jakarta.transaction-api-2.0.1.jar;C:\Users\Dell\.m2\repository\org\jboss\logging\jboss-logging\3.6.3.Final\jboss-logging-3.6.3.Final.jar;C:\Users\Dell\.m2\repository\org\hibernate\common\hibernate-commons-annotations\6.0.2.Final\hibernate-commons-annotations-6.0.2.Final.jar;C:\Users\Dell\.m2\repository\org\jboss\jandex\2.4.2.Final\jandex-2.4.2.Final.jar;C:\Users\Dell\.m2\repository\com\fasterxml\classmate\1.7.3\classmate-1.7.3.jar;C:\Users\Dell\.m2\repository\net\bytebuddy\byte-buddy\1.17.8\byte-buddy-1.17.8.jar;C:\Users\Dell\.m2\repository\jakarta\xml\bind\jakarta.xml.bind-api\4.0.5\jakarta.xml.bind-api-4.0.5.jar;C:\Users\Dell\.m2\repository\jakarta\activation\jakarta.activation-api\2.1.4\jakarta.activation-api-2.1.4.jar;C:\Users\Dell\.m2\repository\org\glassfish\jaxb\jaxb-runtime\4.0.9\jaxb-runtime-4.0.9.jar;C:\Users\Dell\.m2\repository\org\glassfish\jaxb\jaxb-core\4.0.9\jaxb-core-4.0.9.jar;C:\Users\Dell\.m2\repository\org\eclipse\angus\angus-activation\2.0.3\angus-activation-2.0.3.jar;C:\Users\Dell\.m2\repository\org\glassfish\jaxb\txw2\4.0.9\txw2-4.0.9.jar;C:\Users\Dell\.m2\repository\com\sun\istack\istack-commons-runtime\4.1.2\istack-commons-runtime-4.1.2.jar;C:\Users\Dell\.m2\repository\jakarta\inject\jakarta.inject-api\2.0.1\jakarta.inject-api-2.0.1.jar;C:\Users\Dell\.m2\repository\org\antlr\antlr4-runtime\4.10\antlr4-runtime-4.10.jar;C:\Users\Dell\.m2\repository\org\springframework\boot\spring-boot-starter-webflux\3.5.15\spring-boot-starter-webflux-3.5.15.jar;C:\Users\Dell\.m2\repository\org\springframework\boot\spring-boot-starter-reactor-netty\3.5.15\spring-boot-starter-reactor-netty-3.5.15.jar;C:\Users\Dell\.m2\repository\io\projectreactor\netty\reactor-netty-http\1.2.18\reactor-netty-http-1.2.18.jar;C:\Users\Dell\.m2\repository\io\netty\netty-codec-http\4.1.135.Final\netty-codec-http-4.1.135.Final.jar;C:\Users\Dell\.m2\repository\io\netty\netty-common\4.1.135.Final\netty-common-4.1.135.Final.jar;C:\Users\Dell\.m2\repository\io\netty\netty-buffer\4.1.135.Final\netty-buffer-4.1.135.Final.jar;C:\Users\Dell\.m2\repository\io\netty\netty-transport\4.1.135.Final\netty-transport-4.1.135.Final.jar;C:\Users\Dell\.m2\repository\io\netty\netty-codec\4.1.135.Final\netty-codec-4.1.135.Final.jar;C:\Users\Dell\.m2\repository\io\netty\netty-handler\4.1.135.Final\netty-handler-4.1.135.Final.jar;C:\Users\Dell\.m2\repository\io\netty\netty-codec-http2\4.1.135.Final\netty-codec-http2-4.1.135.Final.jar;C:\Users\Dell\.m2\repository\io\netty\netty-resolver-dns\4.1.135.Final\netty-resolver-dns-4.1.135.Final.jar;C:\Users\Dell\.m2\repository\io\netty\netty-resolver\4.1.135.Final\netty-resolver-4.1.135.Final.jar;C:\Users\Dell\.m2\repository\io\netty\netty-codec-dns\4.1.135.Final\netty-codec-dns-4.1.135.Final.jar;C:\Users\Dell\.m2\repository\io\netty\netty-resolver-dns-native-macos\4.1.135.Final\netty-resolver-dns-native-macos-4.1.135.Final-osx-x86_64.jar;C:\Users\Dell\.m2\repository\io\netty\netty-resolver-dns-classes-macos\4.1.135.Final\netty-resolver-dns-classes-macos-4.1.135.Final.jar;C:\Users\Dell\.m2\repository\io\netty\netty-transport-native-epoll\4.1.135.Final\netty-transport-native-epoll-4.1.135.Final-linux-x86_64.jar;C:\Users\Dell\.m2\repository\io\netty\netty-transport-native-unix-common\4.1.135.Final\netty-transport-native-unix-common-4.1.135.Final.jar;C:\Users\Dell\.m2\repository\io\netty\netty-transport-classes-epoll\4.1.135.Final\netty-transport-classes-epoll-4.1.135.Final.jar;C:\Users\Dell\.m2\repository\io\projectreactor\netty\reactor-netty-core\1.2.18\reactor-netty-core-1.2.18.jar;C:\Users\Dell\.m2\repository\io\netty\netty-handler-proxy\4.1.135.Final\netty-handler-proxy-4.1.135.Final.jar;C:\Users\Dell\.m2\repository\io\netty\netty-codec-socks\4.1.135.Final\netty-codec-socks-4.1.135.Final.jar;C:\Users\Dell\.m2\repository\org\springframework\spring-webflux\6.2.18\spring-webflux-6.2.18.jar;C:\Users\Dell\.m2\repository\io\projectreactor\reactor-core\3.7.19\reactor-core-3.7.19.jar;C:\Users\Dell\.m2\repository\org\reactivestreams\reactive-streams\1.0.4\reactive-streams-1.0.4.jar;C:\Users\Dell\.m2\repository\org\springframework\boot\spring-boot-devtools\3.5.15\spring-boot-devtools-3.5.15.jar;C:\Users\Dell\.m2\repository\org\springframework\boot\spring-boot\3.5.15\spring-boot-3.5.15.jar;C:\Users\Dell\.m2\repository\org\springframework\boot\spring-boot-autoconfigure\3.5.15\spring-boot-autoconfigure-3.5.15.jar;C:\Users\Dell\.m2\repository\org\postgresql\postgresql\42.7.11\postgresql-42.7.11.jar;C:\Users\Dell\.m2\repository\org\projectlombok\lombok\1.18.46\lombok-1.18.46.jar;C:\Users\Dell\.m2\repository\com\googlecode\json-simple\json-simple\1.1.1\json-simple-1.1.1.jar;C:\Users\Dell\.m2\repository\junit\junit\4.13.2\junit-4.13.2.jar;C:\Users\Dell\.m2\repository\org\hamcrest\hamcrest-core\3.0\hamcrest-core-3.0.jar;C:\Users\Dell\.m2\repository\org\springframework\boot\spring-boot-starter-tomcat\3.5.15\spring-boot-starter-tomcat-3.5.15.jar;C:\Users\Dell\.m2\repository\jakarta\annotation\jakarta.annotation-api\2.1.1\jakarta.annotation-api-2.1.1.jar;C:\Users\Dell\.m2\repository\org\apache\tomcat\embed\tomcat-embed-core\10.1.55\tomcat-embed-core-10.1.55.jar;C:\Users\Dell\.m2\repository\org\apache\tomcat\embed\tomcat-embed-el\10.1.55\tomcat-embed-el-10.1.55.jar;C:\Users\Dell\.m2\repository\org\apache\tomcat\embed\tomcat-embed-websocket\10.1.55\tomcat-embed-websocket-10.1.55.jar;C:\Users\Dell\.m2\repository\commons-fileupload\commons-fileupload\1.6.0\commons-fileupload-1.6.0.jar;C:\Users\Dell\.m2\repository\com\itextpdf\barcodes\8.0.0\barcodes-8.0.0.jar;C:\Users\Dell\.m2\repository\com\itextpdf\font-asian\8.0.0\font-asian-8.0.0.jar;C:\Users\Dell\.m2\repository\com\itextpdf\forms\8.0.0\forms-8.0.0.jar;C:\Users\Dell\.m2\repository\com\itextpdf\hyph\8.0.0\hyph-8.0.0.jar;C:\Users\Dell\.m2\repository\com\itextpdf\io\8.0.0\io-8.0.0.jar;C:\Users\Dell\.m2\repository\com\itextpdf\commons\8.0.0\commons-8.0.0.jar;C:\Users\Dell\.m2\repository\com\itextpdf\kernel\8.0.0\kernel-8.0.0.jar;C:\Users\Dell\.m2\repository\com\itextpdf\layout\8.0.0\layout-8.0.0.jar;C:\Users\Dell\.m2\repository\com\itextpdf\pdfa\8.0.0\pdfa-8.0.0.jar;C:\Users\Dell\.m2\repository\com\itextpdf\sign\8.0.0\sign-8.0.0.jar;C:\Users\Dell\.m2\repository\com\itextpdf\styled-xml-parser\8.0.0\styled-xml-parser-8.0.0.jar;C:\Users\Dell\.m2\repository\com\itextpdf\svg\8.0.0\svg-8.0.0.jar;C:\Users\Dell\.m2\repository\com\itextpdf\bouncy-castle-connector\8.0.0\bouncy-castle-connector-8.0.0.jar;C:\Users\Dell\.m2\repository\jakarta\servlet\jakarta.servlet-api\6.0.0\jakarta.servlet-api-6.0.0.jar;C:\Users\Dell\.m2\repository\org\hibernate\validator\hibernate-validator\8.0.3.Final\hibernate-validator-8.0.3.Final.jar;C:\Users\Dell\.m2\repository\nz\net\ultraq\thymeleaf\thymeleaf-layout-dialect\3.4.0\thymeleaf-layout-dialect-3.4.0.jar;C:\Users\Dell\.m2\repository\org\apache\groovy\groovy\4.0.32\groovy-4.0.32.jar;C:\Users\Dell\.m2\repository\nz\net\ultraq\groovy\groovy-extensions\2.3.3\groovy-extensions-2.3.3.jar;C:\Users\Dell\.m2\repository\nz\net\ultraq\thymeleaf\thymeleaf-expression-processor\3.2.0\thymeleaf-expression-processor-3.2.0.jar;C:\Users\Dell\.m2\repository\org\thymeleaf\thymeleaf\3.1.5.RELEASE\thymeleaf-3.1.5.RELEASE.jar;C:\Users\Dell\.m2\repository\ognl\ognl\3.3.4\ognl-3.3.4.jar;C:\Users\Dell\.m2\repository\org\javassist\javassist\3.29.0-GA\javassist-3.29.0-GA.jar;C:\Users\Dell\.m2\repository\org\attoparser\attoparser\2.0.7.RELEASE\attoparser-2.0.7.RELEASE.jar;C:\Users\Dell\.m2\repository\org\unbescape\unbescape\1.1.6.RELEASE\unbescape-1.1.6.RELEASE.jar;C:\Users\Dell\.m2\repository\jakarta\validation\jakarta.validation-api\3.0.2\jakarta.validation-api-3.0.2.jar;C:\Users\Dell\.m2\repository\org\apache\pdfbox\pdfbox\2.0.27\pdfbox-2.0.27.jar;C:\Users\Dell\.m2\repository\org\apache\pdfbox\fontbox\2.0.27\fontbox-2.0.27.jar;C:\Users\Dell\.m2\repository\commons-logging\commons-logging\1.2\commons-logging-1.2.jar;C:\Users\Dell\.m2\repository\org\owasp\esapi\esapi\2.1.0.1\esapi-2.1.0.1.jar;C:\Users\Dell\.m2\repository\commons-configuration\commons-configuration\1.10\commons-configuration-1.10.jar;C:\Users\Dell\.m2\repository\commons-lang\commons-lang\2.6\commons-lang-2.6.jar;C:\Users\Dell\.m2\repository\commons-beanutils\commons-beanutils-core\1.8.3\commons-beanutils-core-1.8.3.jar;C:\Users\Dell\.m2\repository\commons-collections\commons-collections\3.2.2\commons-collections-3.2.2.jar;C:\Users\Dell\.m2\repository\xom\xom\1.2.5\xom-1.2.5.jar;C:\Users\Dell\.m2\repository\xml-apis\xml-apis\1.3.03\xml-apis-1.3.03.jar;C:\Users\Dell\.m2\repository\xerces\xercesImpl\2.8.0\xercesImpl-2.8.0.jar;C:\Users\Dell\.m2\repository\xalan\xalan\2.7.0\xalan-2.7.0.jar;C:\Users\Dell\.m2\repository\org\beanshell\bsh-core\2.0b4\bsh-core-2.0b4.jar;C:\Users\Dell\.m2\repository\org\owasp\antisamy\antisamy\1.5.3\antisamy-1.5.3.jar;C:\Users\Dell\.m2\repository\net\sourceforge\nekohtml\nekohtml\1.9.22\nekohtml-1.9.22.jar;C:\Users\Dell\.m2\repository\commons-httpclient\commons-httpclient\3.1\commons-httpclient-3.1.jar;C:\Users\Dell\.m2\repository\org\apache\xmlgraphics\batik-css\1.8\batik-css-1.8.jar;C:\Users\Dell\.m2\repository\org\apache\xmlgraphics\batik-ext\1.8\batik-ext-1.8.jar;C:\Users\Dell\.m2\repository\org\apache\xmlgraphics\batik-util\1.8\batik-util-1.8.jar;C:\Users\Dell\.m2\repository\xml-apis\xml-apis-ext\1.3.04\xml-apis-ext-1.3.04.jar;C:\Users\Dell\.m2\repository\org\slf4j\slf4j-api\2.0.18\slf4j-api-2.0.18.jar;C:\Users\Dell\.m2\repository\log4j\log4j\1.2.17\log4j-1.2.17.jar;C:\Users\Dell\.m2\repository\org\apache\commons\commons-lang3\3.17.0\commons-lang3-3.17.0.jar;C:\Users\Dell\.m2\repository\org\apache\commons\commons-collections4\4.4\commons-collections4-4.4.jar;C:\Users\Dell\.m2\repository\org\apache\tika\tika-core\3.2.3\tika-core-3.2.3.jar;C:\Users\Dell\.m2\repository\com\github\librepdf\openpdf\1.3.40\openpdf-1.3.40.jar;C:\Users\Dell\.m2\repository\org\hamcrest\hamcrest\3.0\hamcrest-3.0.jar;C:\Users\Dell\.m2\repository\org\springframework\spring-core\6.2.18\spring-core-6.2.18.jar;C:\Users\Dell\.m2\repository\org\springframework\spring-jcl\6.2.18\spring-jcl-6.2.18.jar;C:\Users\Dell\.m2\repository\org\springframework\security\spring-security-core\6.5.8\spring-security-core-6.5.8.jar;C:\Users\Dell\.m2\repository\org\springframework\security\spring-security-crypto\6.5.8\spring-security-crypto-6.5.8.jar
Launcher Type: SUN_STANDARD

[Global flags]
     intx CICompilerCount                          = 12                                        {product} {ergonomic}
     uint ConcGCThreads                            = 5                                         {product} {ergonomic}
     uint G1ConcRefinementThreads                  = 20                                        {product} {ergonomic}
   size_t G1HeapRegionSize                         = 4194304                                   {product} {ergonomic}
    uintx GCDrainStackTargetSize                   = 64                                        {product} {ergonomic}
   size_t InitialHeapSize                          = 532676608                                 {product} {ergonomic}
     bool ManagementServer                         = true                                      {product} {command line}
   size_t MarkStackSize                            = 4194304                                   {product} {ergonomic}
   size_t MaxHeapSize                              = 8510242816                                {product} {ergonomic}
   size_t MaxNewSize                               = 5104467968                                {product} {ergonomic}
   size_t MinHeapDeltaBytes                        = 4194304                                   {product} {ergonomic}
   size_t MinHeapSize                              = 8388608                                   {product} {ergonomic}
    uintx NonNMethodCodeHeapSize                   = 4096                                   {pd product} {ergonomic}
    uintx NonProfiledCodeHeapSize                  = 0                                      {pd product} {ergonomic}
     bool ProfileInterpreter                       = false                                  {pd product} {command line}
    uintx ProfiledCodeHeapSize                     = 0                                      {pd product} {ergonomic}
     bool ShowCodeDetailsInExceptionMessages       = true                                   {manageable} {command line}
   size_t SoftMaxHeapSize                          = 8510242816                             {manageable} {ergonomic}
     intx TieredStopAtLevel                        = 1                                         {product} {command line}
     bool UseCompressedOops                        = true                           {product lp64_product} {ergonomic}
     bool UseG1GC                                  = true                                      {product} {ergonomic}
     bool UseLargePagesIndividualAllocation        = false                                  {pd product} {ergonomic}

Logging:
Log output configuration:
 #0: stdout all=warning uptime,level,tags foldmultilines=false
 #1: stderr all=off uptime,level,tags foldmultilines=false

Environment Variables:
JAVA_HOME=C:\Program Files\Java\jdk-21.0.10
PATH=F:\spring-tool-suite-4-4.27.0.RELEASE-e4.34.0-win32.win32.x86_64\sts-4.27.0.RELEASE\plugins\org.eclipse.justj.openjdk.hotspot.jre.full.win32.x86_64_21.0.5.v20241023-1957\jre\bin;F:/spring-tool-suite-4-4.27.0.RELEASE-e4.34.0-win32.win32.x86_64/sts-4.27.0.RELEASE//plugins/org.eclipse.justj.openjdk.hotspot.jre.full.win32.x86_64_21.0.5.v20241023-1957/jre/bin/server;F:/spring-tool-suite-4-4.27.0.RELEASE-e4.34.0-win32.win32.x86_64/sts-4.27.0.RELEASE//plugins/org.eclipse.justj.openjdk.hotspot.jre.full.win32.x86_64_21.0.5.v20241023-1957/jre/bin;C:\Program Files\Common Files\Oracle\Java\javapath;C:\WINDOWS\system32;C:\WINDOWS;C:\WINDOWS\System32\Wbem;C:\WINDOWS\System32\WindowsPowerShell\v1.0\;C:\WINDOWS\System32\OpenSSH\;C:\Program Files\nodejs\;C:\Program Files\Git\cmd;C:\Program Files\PuTTY\;C:\Program Files\Docker\Docker\resources\bin;C:\WINDOWS\twain_32\ebscan\;C:\WINDOWS\twain_64\ebscan\;C:\WINDOWS\twain_32\erscan\;C:\WINDOWS\twain_64\erscan\;C:\Program Files\TOSHIBA\TOSHIBA e-STUDIO Client\TOSHIBA e-STUDIO AddressBook Viewer\Shared\;C:\Users\Dell\AppData\Local\Microsoft\WindowsApps;C:\Users\Dell\AppData\Roaming\npm;C:\Users\Dell\AppData\Local\Programs\Microsoft VS Code\bin;C:\Tools\azure-cli-2.84.0-x64\bin;C:\Tools\terraform_1.14.6_windows_amd64;C:\Program Files\Java\jdk-21.0.10;;F:\spring-tool-suite-4-4.27.0.RELEASE-e4.34.0-win32.win32.x86_64\sts-4.27.0.RELEASE;
USERNAME=Dell
OS=Windows_NT
PROCESSOR_IDENTIFIER=Intel64 Family 6 Model 183 Stepping 1, GenuineIntel
TMP=C:\Users\Dell\AppData\Local\Temp
TEMP=C:\Users\Dell\AppData\Local\Temp




Periodic native trim disabled

---------------  S Y S T E M  ---------------

OS:
 Windows 11 , 64 bit Build 26100 (10.0.26100.8521)
OS uptime: 4 days 6:46 hours
Hyper-V role detected

CPU: total 28 (initial active 28) (14 cores per cpu, 2 threads per core) family 6 model 183 stepping 1 microcode 0x133, cx8, cmov, fxsr, ht, mmx, 3dnowpref, sse, sse2, sse3, ssse3, sse4.1, sse4.2, popcnt, lzcnt, tsc, tscinvbit, avx, avx2, aes, erms, clmul, bmi1, bmi2, adx, sha, fma, vzeroupper, clflush, clflushopt, clwb, hv, serialize, rdtscp, rdpid, fsrm, f16c, cet_ibt, cet_ss
Processor Information for all 28 processors :
  Max Mhz: 2100, Current Mhz: 2100, Mhz Limit: 2100

Memory: 4k page, system-wide physical 32454M (18870M free)
TotalPageFile size 34502M (AvailPageFile size 19406M)
current process WorkingSet (physical memory assigned to process): 615M, peak: 689M
current process commit charge ("private bytes"): 686M, peak: 778M

vm_info: OpenJDK 64-Bit Server VM (21.0.5+11-LTS) for windows-amd64 JRE (21.0.5+11-LTS), built on 2024-10-15T00:00:00Z by "admin" with MS VC++ 17.7 (VS2022)

END.
